Date,Open,High,Low,Close,Volume,Market Cap
12-Mar-20,6.58,6.59,3.96,3.96,"1,769,379,393","461,059,598"
11-Mar-20,6.81,6.87,6.21,6.58,"1,481,692,354","765,026,176"
10-Mar-20,6.94,6.94,6.65,6.81,"1,364,787,040","792,216,405"
9-Mar-20,6.48,7.01,6.44,6.93,"2,021,714,081","805,535,826"
8-Mar-20,7.82,7.82,6.41,6.49,"1,587,136,600","755,313,500"
7-Mar-20,8.2,8.2,7.81,7.82,"1,346,672,683","909,500,479"
6-Mar-20,8.2,8.3,8,8.2,"1,574,406,337","953,210,278"
5-Mar-20,7.95,8.41,7.95,8.2,"1,723,095,649","953,664,876"
4-Mar-20,8.48,8.52,7.76,7.95,"1,806,626,129","924,996,733"
3-Mar-20,8.4,8.59,8.2,8.5,"1,872,178,655","988,367,178"
2-Mar-20,7.76,8.59,7.72,8.4,"1,891,308,432","977,132,189"
1-Mar-20,7.4,7.9,7.4,7.76,"1,537,094,857","902,890,982"
29-Feb-20,7.43,7.65,7.36,7.41,"1,233,126,529","861,588,474"
28-Feb-20,7.68,7.84,7.23,7.44,"1,543,271,140","865,086,164"
27-Feb-20,7.68,8.04,7.37,7.68,"1,837,427,407","893,833,376"
26-Feb-20,9.25,9.33,7.42,7.68,"2,112,171,652","893,319,146"
25-Feb-20,9.34,9.41,9.04,9.26,"1,633,614,476","1,076,972,819"
24-Feb-20,9.73,9.74,9.08,9.34,"1,691,831,980","1,086,726,640"
23-Feb-20,9.52,9.9,9.48,9.73,"1,745,180,317","1,132,269,854"
22-Feb-20,9.45,9.72,9.36,9.52,"1,724,873,520","1,107,584,713"
21-Feb-20,8.89,9.84,8.82,9.43,"2,112,160,851","1,097,217,221"
20-Feb-20,8.87,9.02,8.46,8.9,"1,908,879,598","1,035,393,208"
19-Feb-20,9.82,9.83,8.78,8.88,"1,807,922,284","1,032,750,135"
18-Feb-20,9.61,9.89,9.22,9.82,"2,025,728,374","1,142,471,879"
17-Feb-20,9.6,9.79,8.8,9.61,"2,840,284,893","1,117,766,571"
16-Feb-20,10.4,10.64,9.03,9.64,"2,727,702,320","1,120,733,694"
15-Feb-20,11.98,12.05,9.95,10.39,"2,720,972,975","1,208,279,705"
14-Feb-20,12.04,12.05,11.71,11.98,"2,197,029,671","1,393,522,720"
13-Feb-20,12.24,13.02,11.69,12.04,"3,267,500,938","1,400,650,651"
12-Feb-20,11.94,12.43,11.92,12.24,"2,558,687,675","1,424,014,659"
11-Feb-20,11.84,12.09,11.64,11.95,"2,623,748,665","1,389,657,190"
10-Feb-20,11.72,12.04,11.48,11.84,"2,949,720,160","1,377,034,358"
9-Feb-20,11.67,12.02,11.42,11.71,"2,256,308,242","1,362,041,153"
8-Feb-20,11.7,11.91,11.21,11.67,"2,458,728,176","1,357,700,662"
7-Feb-20,12.12,12.21,11.43,11.7,"2,864,925,900","1,361,189,900"
6-Feb-20,12.34,13.15,11.47,12.1,"3,578,970,064","1,407,232,210"
5-Feb-20,11.43,12.57,11.37,12.34,"2,630,503,881","1,435,093,288"
4-Feb-20,11.79,11.87,11.21,11.43,"2,163,865,570","1,329,760,411"
3-Feb-20,11.38,12.16,11.34,11.79,"2,572,871,754","1,371,619,968"
2-Feb-20,11.52,11.73,11.2,11.39,"2,230,362,843","1,324,661,545"
1-Feb-20,11.32,11.75,11.13,11.54,"2,507,607,885","1,342,452,894"
31-Jan-20,12.27,12.27,10.83,11.3,"2,910,829,193","1,314,450,265"
30-Jan-20,12.29,12.61,11.73,12.27,"3,429,768,630","1,427,664,926"
29-Jan-20,11.49,12.74,11.39,12.32,"4,198,264,074","1,432,957,978"
28-Jan-20,10.42,11.62,10.35,11.53,"3,491,046,321","1,341,132,567"
27-Jan-20,9.14,11,9.14,10.42,"3,089,196,032","1,212,558,560"
26-Jan-20,8.43,9.28,8.27,9.14,"1,685,344,365","1,063,542,379"
25-Jan-20,8.62,8.62,8.21,8.43,"1,429,389,665","980,923,326"
24-Jan-20,8.47,8.81,7.96,8.62,"1,962,297,204","1,002,989,145"
23-Jan-20,9.34,9.36,8.27,8.46,"1,878,541,112","984,412,223"
22-Jan-20,8.95,9.47,8.94,9.34,"1,893,350,417","1,086,129,263"
21-Jan-20,8.67,9.1,8.56,8.95,"1,792,016,776","1,040,492,638"
20-Jan-20,8.51,9.08,8.13,8.67,"2,181,334,260","1,008,869,825"
19-Jan-20,8.32,9.36,7.9,8.51,"3,071,743,046","989,704,405"
18-Jan-20,9.58,9.72,8.19,8.33,"3,191,984,633","968,791,719"
17-Jan-20,8.37,11.91,8.13,9.52,"4,699,240,278","1,107,259,104"
16-Jan-20,7.98,8.51,7.34,8.38,"2,591,162,120","974,440,774"
15-Jan-20,6.8,8.07,6.67,7.98,"3,050,686,528","927,726,082"
14-Jan-20,5.5,6.93,5.49,6.81,"2,077,666,220","792,063,090"
13-Jan-20,5.56,5.59,5.36,5.5,"817,167,779","639,356,726"
12-Jan-20,5.58,5.64,5.4,5.56,"1,012,635,723","647,179,998"
11-Jan-20,5.33,5.77,5.32,5.58,"1,355,984,730","649,040,790"
10-Jan-20,5.22,5.38,4.94,5.34,"1,230,740,496","620,618,601"
9-Jan-20,4.97,5.21,4.93,5.21,"1,014,858,991","606,291,870"
8-Jan-20,4.84,5.06,4.8,4.97,"998,712,344","578,472,051"
7-Jan-20,5.05,5.06,4.76,4.83,"1,006,600,642","562,327,947"
6-Jan-20,4.91,5.12,4.89,5.05,"935,281,051","586,930,738"
5-Jan-20,4.77,5.01,4.77,4.91,"929,077,856","570,853,943"
4-Jan-20,4.57,4.73,4.54,4.73,"771,746,505","549,794,618"
3-Jan-20,4.25,4.63,4.2,4.58,"853,611,122","532,277,192"
2-Jan-20,4.5,4.51,4.2,4.26,"692,082,812","495,016,399"
1-Jan-20,4.5,4.56,4.48,4.5,"578,070,570","523,734,647"
31-Dec-19,4.64,4.74,4.44,4.5,"855,008,050","523,055,624"
30-Dec-19,4.66,4.79,4.58,4.64,"889,697,901","539,743,657"
29-Dec-19,4.42,4.75,4.41,4.66,"864,464,994","541,875,099"
28-Dec-19,4.52,4.56,4.41,4.42,"702,721,446","513,827,574"
27-Dec-19,4.51,4.63,4.43,4.52,"1,051,285,597","525,868,931"
26-Dec-19,4.08,4.62,4.08,4.51,"1,038,713,351","523,599,745"
25-Dec-19,3.97,4.11,3.95,4.08,"651,227,271","473,875,245"
24-Dec-19,4.01,4.07,3.93,3.96,"650,962,000","460,349,728"
23-Dec-19,4.2,4.24,3.98,4.01,"716,022,188","465,487,882"
22-Dec-19,4.1,4.24,4.07,4.2,"738,381,970","487,997,539"
21-Dec-19,4.06,4.16,4.02,4.1,"751,856,618","476,147,355"
20-Dec-19,3.77,4.12,3.74,4.06,"699,804,591","471,440,326"
19-Dec-19,3.78,3.81,3.66,3.77,"545,993,350","436,769,052"
18-Dec-19,3.48,3.79,3.43,3.78,"741,670,263","438,001,127"
17-Dec-19,3.7,3.72,3.43,3.47,"560,517,229","402,637,425"
16-Dec-19,3.82,3.86,3.66,3.7,"555,505,101","428,910,253"
15-Dec-19,3.82,3.86,3.74,3.82,"460,833,864","443,056,206"
14-Dec-19,3.86,3.88,3.78,3.82,"452,726,314","442,700,190"
13-Dec-19,3.84,3.89,3.82,3.86,"511,254,438","447,311,461"
12-Dec-19,3.78,3.85,3.76,3.84,"566,866,698","444,807,008"
11-Dec-19,3.8,3.84,3.77,3.78,"740,021,397","437,462,350"
10-Dec-19,3.82,3.82,3.74,3.8,"437,552,956","440,290,052"
9-Dec-19,3.92,3.94,3.81,3.82,"437,567,031","441,882,220"
8-Dec-19,3.89,3.97,3.87,3.92,"432,413,867","454,012,573"
7-Dec-19,3.9,3.94,3.88,3.89,"443,951,607","450,160,871"
6-Dec-19,3.82,3.91,3.8,3.89,"480,712,620","450,488,299"
5-Dec-19,3.78,3.94,3.76,3.81,"518,444,076","441,107,178"
4-Dec-19,3.85,3.88,3.74,3.78,"499,945,124","437,208,469"
3-Dec-19,3.86,3.93,3.81,3.85,"439,965,460","444,691,169"
2-Dec-19,3.94,3.98,3.83,3.87,"476,342,423","446,985,545"
1-Dec-19,3.95,4.02,3.85,3.94,"510,987,606","455,447,008"
30-Nov-19,4.1,4.14,3.91,3.96,"485,334,729","457,318,209"
29-Nov-19,3.96,4.11,3.95,4.1,"535,165,008","473,035,113"
28-Nov-19,3.96,4.04,3.92,3.95,"517,442,386","456,569,601"
27-Nov-19,3.89,4.03,3.74,3.96,"598,461,972","457,110,849"
26-Nov-19,3.8,3.92,3.78,3.9,"480,595,473","449,861,590"
25-Nov-19,3.76,3.95,3.58,3.79,"681,165,688","437,363,049"
24-Nov-19,4.05,4.05,3.76,3.76,"573,155,295","433,974,267"
23-Nov-19,3.89,4.07,3.84,4.05,"664,470,921","466,738,503"
22-Nov-19,4.18,4.23,3.61,3.89,"834,882,911","448,941,757"
21-Nov-19,4.37,4.42,4.11,4.18,"653,833,319","481,972,740"
20-Nov-19,4.42,4.49,4.35,4.37,"664,823,714","503,568,843"
19-Nov-19,4.44,4.57,4.32,4.42,"778,985,434","509,770,187"
18-Nov-19,4.65,4.69,4.34,4.44,"655,761,973","511,395,580"
17-Nov-19,4.67,4.72,4.64,4.65,"578,014,319","535,563,657"
16-Nov-19,4.57,4.68,4.55,4.67,"558,701,705","537,301,698"
15-Nov-19,4.79,4.79,4.55,4.57,"643,961,644","525,570,508"
14-Nov-19,4.86,4.87,4.73,4.78,"640,805,147","550,418,230"
13-Nov-19,4.9,4.93,4.85,4.86,"618,297,626","559,526,187"
12-Nov-19,4.9,4.95,4.85,4.91,"646,259,068","564,268,124"
11-Nov-19,5.05,5.08,4.88,4.9,"621,011,038","563,626,229"
10-Nov-19,4.96,5.09,4.95,5.05,"746,139,797","580,950,062"
9-Nov-19,4.99,5.05,4.95,4.96,"699,334,676","570,090,438"
8-Nov-19,5.26,5.29,4.85,4.99,"857,629,851","573,875,652"
7-Nov-19,5.08,5.3,5.07,5.26,"911,678,619","604,397,269"
6-Nov-19,5.04,5.17,5.02,5.09,"704,728,094","584,210,580"
5-Nov-19,4.97,5.09,4.9,5.03,"625,522,699","578,172,285"
4-Nov-19,4.9,4.99,4.88,4.97,"572,024,807","571,167,928"
3-Nov-19,4.94,5.01,4.85,4.9,"526,681,932","562,605,015"
2-Nov-19,4.88,5.02,4.85,4.94,"531,399,924","567,231,070"
1-Nov-19,4.84,4.96,4.82,4.89,"593,824,584","560,549,679"
31-Oct-19,4.82,4.99,4.72,4.84,"674,303,500","555,211,434"
30-Oct-19,4.93,4.97,4.76,4.82,"619,239,698","552,553,402"
29-Oct-19,4.76,5.14,4.76,4.93,"711,859,815","565,858,366"
28-Oct-19,4.8,5,4.72,4.77,"645,944,532","546,312,841"
27-Oct-19,4.58,4.87,4.55,4.8,"752,486,783","549,877,788"
26-Oct-19,4.75,5.02,4.52,4.58,"904,622,915","524,626,567"
25-Oct-19,4.3,4.9,4.26,4.75,"712,500,670","544,301,218"
24-Oct-19,4.26,4.38,4.23,4.3,"519,242,450","493,006,439"
23-Oct-19,4.48,4.5,4.12,4.26,"581,417,199","487,616,262"
22-Oct-19,4.6,4.66,4.45,4.48,"477,586,597","512,503,717"
21-Oct-19,4.51,4.66,4.46,4.6,"505,011,469","526,682,774"
20-Oct-19,4.45,4.55,4.41,4.52,"391,423,115","516,902,514"
19-Oct-19,4.44,4.48,4.41,4.45,"414,370,283","508,514,467"
18-Oct-19,4.51,4.54,4.38,4.44,"451,869,519","507,296,757"
17-Oct-19,4.45,4.58,4.42,4.51,"500,500,275","516,110,569"
16-Oct-19,4.56,4.72,4.29,4.45,"625,342,215","509,246,665"
15-Oct-19,4.8,4.82,4.53,4.57,"564,318,896","522,232,045"
14-Oct-19,4.76,4.84,4.74,4.8,"454,214,757","549,043,866"
13-Oct-19,4.73,4.82,4.71,4.76,"454,486,029","543,917,129"
12-Oct-19,4.68,4.77,4.68,4.73,"446,424,414","539,857,694"
11-Oct-19,4.84,4.94,4.68,4.68,"534,869,638","534,708,891"
10-Oct-19,5.07,5.1,4.84,4.85,"632,364,947","553,608,256"
9-Oct-19,4.65,5.18,4.61,5.07,"642,659,911","579,088,738"
8-Oct-19,4.69,4.73,4.61,4.65,"408,171,738","530,474,951"
7-Oct-19,4.54,4.73,4.51,4.69,"469,114,687","535,518,888"
6-Oct-19,4.62,4.67,4.49,4.55,"375,661,291","518,461,859"
5-Oct-19,4.61,4.68,4.56,4.62,"409,673,132","526,316,873"
4-Oct-19,4.62,4.68,4.54,4.62,"405,656,119","526,203,586"
3-Oct-19,4.7,4.7,4.54,4.62,"391,705,827","526,773,724"
2-Oct-19,4.64,4.7,4.59,4.7,"374,779,559","535,137,398"
1-Oct-19,4.71,4.82,4.6,4.64,"490,706,755","528,528,478"
30-Sep-19,4.58,4.77,4.45,4.71,"536,326,456","536,437,840"
29-Sep-19,4.68,4.71,4.49,4.58,"439,473,026","521,298,769"
28-Sep-19,4.7,4.78,4.66,4.69,"474,231,715","533,397,127"
27-Sep-19,4.71,4.73,4.53,4.7,"540,705,633","535,234,280"
26-Sep-19,4.84,4.86,4.51,4.71,"607,503,520","535,742,703"
25-Sep-19,4.65,4.95,4.53,4.84,"900,076,390","550,215,924"
24-Sep-19,5.84,5.88,4.35,4.64,"831,306,956","527,996,332"
23-Sep-19,6.02,6.07,5.84,5.84,"501,788,923","664,126,592"
22-Sep-19,6.14,6.14,5.98,6.03,"467,907,075","685,271,741"
21-Sep-19,6.17,6.2,6.07,6.14,"462,204,520","697,932,690"
20-Sep-19,6.23,6.28,6.06,6.17,"590,628,441","700,744,892"
19-Sep-19,6.4,6.4,5.94,6.23,"655,804,393","707,772,792"
18-Sep-19,6.31,6.53,6.3,6.4,"538,218,941","726,351,706"
17-Sep-19,6.22,6.43,6.17,6.32,"455,827,350","717,614,514"
16-Sep-19,6.27,6.34,6.17,6.22,"401,888,918","706,544,807"
15-Sep-19,6.25,6.36,6.22,6.27,"445,611,168","711,078,642"
14-Sep-19,6.16,6.3,6.1,6.25,"430,056,608","709,157,340"
13-Sep-19,6.21,6.26,6.13,6.16,"451,985,629","698,734,077"
12-Sep-19,6.34,6.37,6.21,6.22,"474,472,676","705,067,326"
11-Sep-19,6.53,6.57,6.16,6.34,"516,192,334","719,115,247"
10-Sep-19,6.61,6.76,6.45,6.53,"528,197,076","740,111,053"
9-Sep-19,6.67,6.78,6.43,6.62,"575,646,640","749,829,590"
8-Sep-19,6.68,6.78,6.62,6.66,"510,581,786","754,701,044"
7-Sep-19,6.7,6.8,6.38,6.68,"707,777,741","756,559,234"
6-Sep-19,7.05,7.07,6.72,6.72,"576,063,126","760,924,643"
5-Sep-19,6.78,7.19,6.73,7.06,"711,840,607","799,168,174"
4-Sep-19,6.82,6.85,6.7,6.78,"478,438,887","767,868,344"
3-Sep-19,6.68,6.99,6.62,6.82,"623,258,546","771,803,202"
2-Sep-19,6.27,6.8,6.21,6.68,"714,610,831","756,069,381"
1-Sep-19,6.29,6.34,6.16,6.27,"512,252,388","709,299,972"
31-Aug-19,6.31,6.44,6.2,6.29,"596,645,771","711,851,813"
30-Aug-19,5.95,6.46,5.76,6.32,"733,067,936","714,361,535"
29-Aug-19,6.48,6.48,5.87,5.95,"846,389,901","673,033,466"
28-Aug-19,7.2,7.24,6.37,6.48,"934,624,853","732,436,290"
27-Aug-19,7.35,7.35,7.13,7.19,"621,991,582","813,182,144"
26-Aug-19,7.14,7.45,7.08,7.35,"840,730,995","830,518,121"
25-Aug-19,6.87,7.41,6.87,7.15,"829,563,023","807,922,110"
24-Aug-19,7.16,7.22,6.78,6.88,"816,032,136","777,252,307"
23-Aug-19,7.24,7.54,6.89,7.15,"1,157,799,956","807,602,301"
22-Aug-19,6.13,7.64,6,7.26,"1,555,872,315","820,152,466"
21-Aug-19,6.02,6.38,5.89,6.13,"851,827,746","691,750,630"
20-Aug-19,5.56,6.17,5.49,6.02,"692,319,363","678,997,884"
19-Aug-19,5.58,5.68,5.45,5.56,"426,317,832","627,266,191"
18-Aug-19,5.47,5.66,5.43,5.58,"365,608,038","629,472,339"
17-Aug-19,5.54,5.55,5.4,5.47,"365,985,942","616,403,555"
16-Aug-19,5.66,5.66,5.46,5.54,"459,452,954","624,356,172"
15-Aug-19,5.59,5.76,5.37,5.66,"624,458,131","637,910,680"
14-Aug-19,5.9,6.14,5.55,5.59,"638,164,389","629,625,645"
13-Aug-19,5.79,5.95,5.75,5.9,"475,382,320","665,298,847"
12-Aug-19,5.82,5.89,5.73,5.79,"426,450,751","652,167,105"
11-Aug-19,5.66,5.88,5.66,5.82,"478,382,424","655,125,885"
10-Aug-19,5.81,5.88,5.56,5.66,"534,176,092","637,633,720"
9-Aug-19,5.99,6.03,5.76,5.81,"506,900,373","654,055,084"
8-Aug-19,5.91,6.18,5.89,5.99,"527,592,626","674,132,963"
7-Aug-19,5.86,5.98,5.86,5.91,"496,341,489","665,547,773"
6-Aug-19,6.2,6.28,5.81,5.86,"506,916,264","658,937,297"
5-Aug-19,6.12,6.36,6.11,6.19,"516,749,115","696,191,285"
4-Aug-19,5.9,6.13,5.84,6.12,"409,522,410","688,533,138"
3-Aug-19,5.88,5.96,5.86,5.9,"382,130,888","663,338,239"
2-Aug-19,5.98,6.02,5.85,5.88,"412,140,426","661,313,990"
1-Aug-19,6.06,6.07,5.86,5.98,"442,291,025","672,038,689"
31-Jul-19,5.94,6.09,5.82,6.06,"446,334,660","680,587,955"
30-Jul-19,5.94,6,5.82,5.94,"405,428,794","667,658,068"
29-Jul-19,5.9,6.05,5.87,5.94,"463,010,341","667,106,219"
28-Jul-19,5.94,6.01,5.63,5.91,"467,643,759","663,238,733"
27-Jul-19,6.22,6.31,5.82,5.93,"488,309,293","665,802,088"
26-Jul-19,6.02,6.25,5.92,6.22,"453,543,240","698,535,750"
25-Jul-19,6.11,6.25,6,6.02,"475,705,830","675,553,982"
24-Jul-19,6.04,6.22,5.78,6.12,"559,195,944","687,129,177"
23-Jul-19,6.36,6.36,5.97,6.04,"558,743,150","677,243,300"
22-Jul-19,6.26,6.49,6.24,6.36,"588,449,945","712,899,973"
21-Jul-19,6.17,6.29,6.06,6.26,"505,774,986","702,176,249"
20-Jul-19,5.87,6.32,5.86,6.18,"550,207,510","692,456,633"
19-Jul-19,6.06,6.06,5.71,5.87,"575,039,548","658,174,271"
18-Jul-19,5.7,6.09,5.46,6.05,"615,658,793","678,427,377"
17-Jul-19,5.34,5.89,5.25,5.7,"620,406,765","638,731,584"
16-Jul-19,5.79,6.07,5.22,5.35,"659,446,809","598,862,271"
15-Jul-19,5.68,5.85,5.22,5.79,"684,348,176","648,349,211"
14-Jul-19,6.64,6.66,5.66,5.67,"635,115,700","634,811,915"
13-Jul-19,6.81,6.82,6.45,6.63,"494,753,959","741,892,587"
12-Jul-19,6.64,6.86,6.56,6.81,"578,739,666","761,680,524"
11-Jul-19,7.3,7.3,6.33,6.63,"671,496,898","742,236,266"
10-Jul-19,7.9,7.94,7.02,7.29,"674,630,757","815,753,606"
9-Jul-19,8.02,8.12,7.81,7.91,"654,848,641","884,059,262"
8-Jul-19,7.97,8.03,7.88,8.02,"684,112,433","896,184,239"
7-Jul-19,7.81,8.01,7.74,7.93,"666,411,772","886,493,089"
6-Jul-19,7.84,7.97,7.74,7.81,"707,657,234","873,272,981"
5-Jul-19,7.75,7.92,7.62,7.84,"750,356,955","876,290,239"
4-Jul-19,7.84,8.15,7.72,7.76,"822,719,239","866,756,149"
3-Jul-19,7.71,7.91,7.65,7.87,"789,429,913","879,061,113"
2-Jul-19,7.76,7.86,7.32,7.7,"855,230,260","860,313,611"
1-Jul-19,7.71,7.98,7.33,7.76,"874,437,054","866,687,455"
30-Jun-19,8.27,8.62,7.73,7.73,"892,040,483","862,249,987"
29-Jun-19,8.03,8.29,7.62,8.27,"810,346,203","923,240,201"
28-Jun-19,7.67,8.04,7.55,8.03,"975,712,142","895,508,296"
27-Jun-19,9.02,9.11,7.18,7.65,"1,407,240,749","853,564,080"
26-Jun-19,9.25,9.62,8.85,9.04,"1,216,912,857","1,008,099,057"
25-Jun-19,9.27,9.3,9.05,9.25,"769,322,239","1,031,488,658"
24-Jun-19,9.28,9.39,8.97,9.26,"771,250,120","1,032,361,311"
23-Jun-19,9.14,9.59,9.06,9.28,"958,883,927","1,033,684,279"
22-Jun-19,8.73,9.29,8.7,9.14,"1,107,874,156","1,018,811,434"
21-Jun-19,8.5,8.8,8.45,8.72,"815,961,669","971,357,363"
20-Jun-19,8.52,8.61,8.35,8.5,"587,709,880","946,224,987"
19-Jun-19,8.43,8.65,8.4,8.54,"590,876,271","950,638,212"
18-Jun-19,8.74,8.84,8.33,8.43,"622,052,950","938,233,212"
17-Jun-19,8.72,8.89,8.63,8.81,"507,799,796","980,354,376"
16-Jun-19,8.6,8.92,8.53,8.69,"848,979,267","967,075,644"
15-Jun-19,8.56,8.73,8.42,8.6,"620,126,945","956,871,136"
14-Jun-19,8.52,8.58,8.18,8.54,"670,586,440","949,862,552"
13-Jun-19,8.58,8.69,8.45,8.55,"684,549,128","950,140,211"
12-Jun-19,8.26,8.78,8.14,8.56,"705,350,374","951,069,096"
11-Jun-19,8.28,8.35,8.03,8.26,"508,941,952","917,812,627"
10-Jun-19,8.14,8.39,7.93,8.3,"675,313,606","921,736,480"
9-Jun-19,8.46,8.53,7.92,8.15,"728,018,275","905,908,991"
8-Jun-19,8.22,8.73,8.07,8.46,"830,432,073","939,842,267"
7-Jun-19,7.97,8.39,7.81,8.22,"717,510,077","912,353,468"
6-Jun-19,8.17,8.21,7.38,7.98,"762,379,591","885,842,756"
5-Jun-19,8.24,8.36,7.84,8.17,"882,398,657","906,428,616"
4-Jun-19,9.4,9.4,7.71,8.21,"1,156,648,679","911,314,722"
3-Jun-19,9.52,9.69,9.12,9.41,"1,170,920,227","1,044,148,589"
2-Jun-19,8.58,9.55,8.58,9.52,"992,624,941","1,055,459,474"
1-Jun-19,8.65,8.85,8.46,8.57,"859,858,805","950,786,053"
31-May-19,8.14,8.7,7.95,8.66,"839,281,824","960,025,129"
30-May-19,8.17,8.82,7.92,8.13,"957,435,239","901,701,965"
29-May-19,8.22,8.42,7.71,8.18,"688,912,471","906,137,980"
28-May-19,8.16,8.4,8.03,8.22,"837,088,101","910,788,373"
27-May-19,7.66,8.26,7.59,8.19,"769,918,617","907,772,061"
26-May-19,7.3,7.7,7.1,7.66,"626,354,051","848,537,728"
25-May-19,7.28,7.37,7.18,7.3,"465,778,838","808,511,605"
24-May-19,7.09,7.42,6.96,7.29,"645,224,198","806,536,713"
23-May-19,6.95,7.12,6.72,7.07,"498,397,530","782,145,658"
22-May-19,7.46,7.51,6.86,6.96,"576,207,968","769,940,183"
21-May-19,7.41,7.63,7.24,7.46,"584,199,673","825,046,643"
20-May-19,7.86,7.86,7.18,7.41,"631,457,067","819,636,003"
19-May-19,7.17,7.95,7.14,7.84,"690,201,760","867,391,840"
18-May-19,7.22,7.41,7.07,7.16,"615,035,489","792,101,963"
17-May-19,7.65,7.78,6.84,7.22,"988,083,259","798,057,809"
16-May-19,7.57,8.39,7.1,7.65,"1,311,469,891","845,123,189"
15-May-19,6.57,7.6,6.52,7.58,"877,976,799","837,992,582"
14-May-19,6.09,6.68,6.08,6.56,"855,242,308","724,122,527"
13-May-19,5.83,6.24,5.78,6.09,"718,560,259","672,428,230"
12-May-19,6.08,6.21,5.76,5.82,"735,292,770","643,014,982"
11-May-19,5.64,6.37,5.62,6.08,"776,014,181","670,874,331"
10-May-19,5.57,5.72,5.51,5.64,"483,140,799","622,110,915"
9-May-19,5.73,5.81,5.5,5.57,"392,012,219","614,363,021"
8-May-19,5.67,5.77,5.59,5.73,"429,553,716","632,516,021"
7-May-19,5.69,5.89,5.65,5.67,"476,896,645","624,786,648"
6-May-19,5.74,5.77,5.53,5.69,"457,954,181","627,673,791"
5-May-19,5.83,5.86,5.66,5.74,"424,731,401","632,528,285"
4-May-19,6.07,6.16,5.74,5.83,"476,232,964","642,763,449"
3-May-19,5.79,6.16,5.77,6.07,"523,886,695","669,228,348"
2-May-19,5.84,5.85,5.76,5.79,"433,550,376","637,477,655"
1-May-19,5.9,5.97,5.77,5.84,"437,370,461","643,088,779"
30-Apr-19,5.57,5.92,5.57,5.9,"469,034,065","649,645,521"
29-Apr-19,5.59,5.7,5.5,5.57,"451,768,362","613,044,566"
28-Apr-19,5.51,5.65,5.45,5.58,"369,284,399","614,384,216"
27-Apr-19,5.44,5.56,5.43,5.5,"381,560,781","605,453,053"
26-Apr-19,5.4,5.49,5.3,5.44,"425,208,370","598,034,577"
25-Apr-19,5.6,5.72,5.3,5.4,"401,668,998","593,589,266"
24-Apr-19,5.95,5.96,5.46,5.6,"491,679,409","616,037,977"
23-Apr-19,5.94,6.13,5.88,5.96,"392,368,632","654,859,775"
22-Apr-19,5.93,5.98,5.83,5.94,"377,418,221","653,034,058"
21-Apr-19,6.24,6.25,5.76,5.93,"425,303,026","651,376,689"
20-Apr-19,6.29,6.33,6.19,6.25,"346,816,506","686,341,997"
19-Apr-19,6.34,6.36,6.22,6.29,"370,875,841","690,896,481"
18-Apr-19,6.23,6.39,6.21,6.34,"405,282,923","695,964,995"
17-Apr-19,6.31,6.34,6.16,6.23,"359,614,141","683,683,454"
16-Apr-19,6.19,6.32,6.09,6.31,"373,441,627","692,141,837"
15-Apr-19,6.44,6.53,6.08,6.19,"438,340,736","679,618,503"
14-Apr-19,6.34,6.45,6.2,6.44,"371,013,644","706,832,126"
13-Apr-19,6.37,6.43,6.2,6.34,"371,860,556","695,599,768"
12-Apr-19,6.29,6.48,5.98,6.37,"467,890,649","698,651,764"
11-Apr-19,7.04,7.05,6.07,6.29,"596,379,347","690,077,233"
10-Apr-19,6.99,7.23,6.96,7.05,"530,422,510","772,433,079"
9-Apr-19,7.2,7.4,6.78,6.99,"605,526,747","765,814,899"
8-Apr-19,7.68,7.9,6.87,7.2,"870,935,829","789,121,587"
7-Apr-19,6,7.92,6,7.67,"1,367,951,558","840,251,877"
6-Apr-19,5.82,6.07,5.55,6,"422,594,961","656,655,595"
5-Apr-19,5.36,5.93,5.36,5.82,"434,760,409","637,554,810"
4-Apr-19,5.44,5.62,5.26,5.36,"426,653,091","586,443,316"
3-Apr-19,5.46,6.12,5.23,5.46,"607,791,272","597,534,080"
2-Apr-19,4.83,5.47,4.81,5.46,"490,865,719","596,976,775"
1-Apr-19,4.82,4.85,4.8,4.82,"203,584,706","527,699,755"
31-Mar-19,4.79,4.84,4.76,4.82,"149,120,803","527,656,434"
30-Mar-19,4.86,5.08,4.76,4.79,"153,581,340","523,410,189"
29-Mar-19,4.77,4.96,4.73,4.87,"212,643,300","532,024,292"
28-Mar-19,4.86,4.86,4.73,4.77,"162,636,599","521,066,408"
27-Mar-19,4.71,4.88,4.7,4.86,"182,403,471","530,831,070"
26-Mar-19,4.73,4.74,4.63,4.71,"189,888,273","514,296,279"
25-Mar-19,4.84,4.84,4.65,4.73,"206,919,526","516,353,328"
24-Mar-19,4.89,4.9,4.78,4.84,"183,730,901","528,049,572"
23-Mar-19,4.88,4.91,4.83,4.89,"196,468,772","534,391,980"
22-Mar-19,4.8,5,4.79,4.89,"262,391,505","533,911,569"
21-Mar-19,4.69,4.88,4.61,4.8,"330,828,877","524,232,457"
20-Mar-19,4.66,4.76,4.54,4.68,"243,257,735","511,125,503"
19-Mar-19,4.44,4.7,4.42,4.65,"459,013,224","507,750,118"
18-Mar-19,4.47,4.53,4.39,4.44,"394,491,335","484,192,520"
17-Mar-19,4.52,4.53,4.42,4.46,"183,446,354","486,792,522"
16-Mar-19,4.43,4.63,4.43,4.52,"203,176,719","493,176,746"
15-Mar-19,4.34,4.46,4.34,4.43,"187,814,628","483,220,509"
14-Mar-19,4.27,4.38,4.23,4.34,"187,331,020","472,807,297"
13-Mar-19,4.3,4.33,4.24,4.27,"160,265,628","465,352,704"
12-Mar-19,4.26,4.34,4.21,4.3,"198,416,033","468,502,801"
11-Mar-19,4.36,4.39,4.24,4.26,"204,629,223","464,014,138"
10-Mar-19,4.31,4.39,4.22,4.36,"224,014,423","474,741,807"
9-Mar-19,4.24,4.35,4.23,4.3,"216,292,812","468,236,756"
8-Mar-19,4.39,4.43,4.17,4.24,"227,329,229","461,774,458"
7-Mar-19,4.32,4.53,4.31,4.39,"234,214,382","477,715,380"
6-Mar-19,4.32,4.36,4.26,4.31,"219,478,810","469,138,633"
5-Mar-19,4.16,4.39,4.14,4.32,"242,636,788","469,772,810"
4-Mar-19,4.28,4.3,4.08,4.16,"213,298,598","452,481,126"
3-Mar-19,4.27,4.31,4.25,4.28,"182,638,030","465,693,846"
2-Mar-19,4.28,4.44,4.22,4.28,"207,971,306","465,234,261"
1-Mar-19,4.28,4.35,4.24,4.29,"165,314,927","465,663,258"
28-Feb-19,4.33,4.38,4.26,4.28,"185,561,611","464,720,519"
27-Feb-19,4.32,4.43,4.25,4.33,"201,608,400","470,677,633"
26-Feb-19,4.29,4.38,4.25,4.33,"168,459,035","469,914,385"
25-Feb-19,4.17,4.39,4.17,4.3,"227,287,641","466,743,262"
24-Feb-19,4.84,4.97,4.19,4.2,"301,941,105","455,271,069"
23-Feb-19,4.71,4.89,4.63,4.84,"248,665,482","525,503,034"
22-Feb-19,4.53,4.8,4.5,4.72,"232,494,721","512,261,744"
21-Feb-19,4.71,4.71,4.44,4.51,"226,428,873","488,816,361"
20-Feb-19,4.59,4.77,4.48,4.7,"263,413,409","509,725,533"
19-Feb-19,4.42,4.83,4.42,4.6,"343,292,544","498,163,443"
18-Feb-19,4.17,4.49,4.16,4.41,"274,458,033","477,675,234"
17-Feb-19,4.09,4.18,4.08,4.18,"203,869,852","452,513,075"
16-Feb-19,4.13,4.15,4.08,4.09,"210,057,396","443,371,172"
15-Feb-19,4.13,4.2,4.09,4.11,"208,797,069","444,653,644"
14-Feb-19,4.12,4.17,4.08,4.13,"218,223,238","447,035,730"
13-Feb-19,4.09,4.17,4.07,4.13,"198,122,371","446,633,290"
12-Feb-19,4.09,4.19,4.05,4.09,"206,268,322","442,295,339"
11-Feb-19,4.17,4.17,4.02,4.08,"213,644,605","441,488,385"
10-Feb-19,4.09,4.17,3.96,4.17,"185,806,940","451,510,860"
9-Feb-19,4.16,4.17,4.03,4.09,"176,440,582","442,857,560"
8-Feb-19,3.87,4.21,3.85,4.16,"218,549,539","449,398,427"
7-Feb-19,3.75,3.9,3.73,3.86,"158,124,456","417,834,477"
6-Feb-19,3.87,3.87,3.67,3.76,"157,423,403","406,308,465"
5-Feb-19,3.88,3.91,3.85,3.87,"122,844,063","418,092,908"
4-Feb-19,3.92,3.94,3.88,3.89,"138,267,542","420,580,245"
3-Feb-19,4.01,4.01,3.89,3.92,"156,280,488","423,399,621"
2-Feb-19,3.94,4,3.92,4,"208,180,743","432,377,777"
1-Feb-19,3.96,3.99,3.89,3.95,"164,662,002","426,539,329"
31-Jan-19,4.02,4.07,3.92,3.95,"162,458,828","426,751,342"
30-Jan-19,3.91,4.07,3.89,4.02,"165,889,423","434,018,071"
29-Jan-19,3.95,4.01,3.87,3.92,"151,481,276","422,731,478"
28-Jan-19,4.25,4.27,3.84,3.95,"152,797,683","425,666,671"
27-Jan-19,4.31,4.35,4.21,4.25,"128,215,641","458,658,539"
26-Jan-19,4.35,4.39,4.3,4.31,"116,034,521","464,384,473"
25-Jan-19,4.32,4.39,4.28,4.35,"134,448,462","469,223,073"
24-Jan-19,4.31,4.34,4.24,4.31,"120,565,684","464,424,611"
23-Jan-19,4.32,4.37,4.3,4.3,"143,324,316","463,718,877"
22-Jan-19,4.28,4.35,4.22,4.33,"129,965,929","466,089,467"
21-Jan-19,4.29,4.36,4.25,4.3,"128,824,699","463,342,096"
20-Jan-19,4.39,4.47,4.25,4.29,"146,017,540","461,528,744"
19-Jan-19,4.4,4.58,4.38,4.4,"143,016,607","473,795,324"
18-Jan-19,4.51,4.51,4.3,4.38,"127,610,385","471,913,768"
17-Jan-19,4.32,4.52,4.29,4.52,"138,597,579","486,673,703"
16-Jan-19,4.21,4.38,4.21,4.31,"124,052,759","463,653,575"
15-Jan-19,4.35,4.4,4.14,4.21,"113,889,722","452,615,817"
14-Jan-19,4.25,4.45,4.24,4.35,"107,429,405","467,966,585"
13-Jan-19,4.56,4.59,4.19,4.24,"119,300,252","456,169,750"
12-Jan-19,4.48,4.75,4.46,4.56,"123,170,899","490,214,580"
11-Jan-19,4.43,4.58,4.41,4.49,"126,990,517","482,020,404"
10-Jan-19,4.98,5.06,4.28,4.43,"141,589,286","476,113,076"
9-Jan-19,4.99,5.1,4.97,4.98,"110,333,470","535,176,559"
8-Jan-19,4.92,5.12,4.86,4.99,"146,348,077","535,588,392"
7-Jan-19,5.5,5.51,4.91,4.92,"144,351,122","527,734,652"
6-Jan-19,5.13,5.5,5.1,5.5,"132,701,649","590,704,005"
5-Jan-19,5.25,5.28,5.13,5.14,"106,525,711","551,144,090"
4-Jan-19,5.09,5.27,5.05,5.25,"115,827,900","563,663,345"
3-Jan-19,5.43,5.44,5.06,5.09,"105,163,400","546,424,216"
2-Jan-19,5.32,5.47,5.22,5.44,"121,887,313","583,194,524"
1-Jan-19,5.05,5.23,5.01,5.23,"101,629,380","560,395,114"
31-Dec-18,5.32,5.32,4.98,5.05,"99,735,815","541,060,545"
30-Dec-18,5.2,5.37,5.13,5.31,"118,057,574","568,817,905"
29-Dec-18,5.32,5.45,5.16,5.19,"137,872,770","556,166,967"
28-Dec-18,4.81,5.45,4.73,5.28,"182,310,818","565,570,141"
27-Dec-18,5.52,5.73,4.74,4.82,"249,141,104","515,784,786"
26-Dec-18,4.74,5.55,4.72,5.53,"209,148,907","592,202,499"
25-Dec-18,5.15,5.15,4.54,4.73,"170,618,977","506,071,537"
24-Dec-18,4.94,5.54,4.94,5.16,"192,486,916","552,174,882"
23-Dec-18,4.71,5,4.68,4.95,"152,610,338","529,160,939"
22-Dec-18,4.54,4.7,4.37,4.7,"116,468,770","502,311,846"
21-Dec-18,4.79,4.87,4.54,4.55,"149,205,559","486,054,112"
20-Dec-18,4.42,4.96,4.4,4.79,"189,562,996","512,332,690"
19-Dec-18,4.23,4.76,4.18,4.42,"151,584,656","472,854,188"
18-Dec-18,4,4.21,3.9,4.2,"112,062,954","449,091,194"
17-Dec-18,3.63,4.12,3.63,4.01,"111,966,937","427,934,454"
16-Dec-18,3.63,3.79,3.62,3.64,"74,065,191","388,750,640"
15-Dec-18,3.73,3.74,3.55,3.64,"77,444,858","388,862,660"
14-Dec-18,3.86,3.86,3.64,3.72,"97,721,744","397,174,412"
13-Dec-18,3.91,3.95,3.77,3.88,"103,018,928","413,709,343"
12-Dec-18,3.73,3.97,3.7,3.91,"90,010,557","416,744,766"
11-Dec-18,3.9,4.13,3.72,3.74,"110,590,535","399,459,236"
10-Dec-18,3.98,4.13,3.83,3.91,"103,578,969","417,272,851"
9-Dec-18,3.85,4.24,3.85,4,"124,556,605","426,107,667"
8-Dec-18,3.83,3.99,3.61,3.86,"172,036,529","411,493,661"
7-Dec-18,3.52,3.98,3.32,3.84,"257,953,590","409,746,021"
6-Dec-18,4.04,4.2,3.5,3.52,"167,476,883","374,775,734"
5-Dec-18,4.43,4.49,4.03,4.03,"146,132,326","429,285,710"
4-Dec-18,4.51,4.76,4.38,4.41,"193,022,630","469,711,644"
3-Dec-18,5.17,5.19,4.5,4.51,"190,323,995","480,661,858"
2-Dec-18,4.84,5.32,4.82,5.15,"185,846,834","548,592,459"
1-Dec-18,4.61,4.96,4.49,4.85,"182,630,934","516,594,797"
30-Nov-18,4.91,5,4.52,4.6,"212,580,092","489,683,596"
29-Nov-18,5.01,5.08,4.79,4.93,"229,957,883","524,735,425"
28-Nov-18,4.53,5.12,4.52,4.99,"236,086,000","530,683,750"
27-Nov-18,4.3,4.62,4.21,4.53,"152,596,000","481,952,499"
26-Nov-18,4.78,4.86,4.21,4.32,"173,389,000","458,881,687"
25-Nov-18,4.77,4.87,4.25,4.76,"214,075,000","506,501,656"
24-Nov-18,5.22,5.33,4.48,4.77,"159,911,000","506,535,041"
23-Nov-18,5.32,5.39,5.02,5.21,"190,000,000","553,858,530"
22-Nov-18,5.76,5.79,5.34,5.34,"135,517,000","567,281,444"
21-Nov-18,5.52,5.87,5.33,5.75,"182,373,000","610,902,295"
20-Nov-18,6.21,6.4,5.18,5.5,"323,667,000","584,279,356"
19-Nov-18,7.45,7.46,6.12,6.2,"241,759,000","657,959,854"
18-Nov-18,7.41,7.62,7.37,7.45,"164,022,000","790,573,147"
17-Nov-18,7.47,7.51,7.34,7.39,"149,058,000","783,678,160"
16-Nov-18,7.76,7.85,7.41,7.46,"165,776,000","791,353,534"
15-Nov-18,7.93,7.93,7.18,7.72,"285,111,000","819,057,445"
14-Nov-18,9.07,9.28,7.24,7.95,"360,972,000","842,751,072"
13-Nov-18,9.18,9.2,9.03,9.08,"130,398,000","962,754,877"
12-Nov-18,9.28,9.34,9.16,9.19,"119,261,000","974,477,856"
11-Nov-18,9.45,9.46,9.1,9.26,"148,242,000","981,540,556"
10-Nov-18,9.45,9.53,9.42,9.46,"123,221,000","1,002,331,488"
9-Nov-18,9.45,9.57,9.42,9.45,"142,040,000","1,001,384,491"
8-Nov-18,9.62,9.65,9.42,9.44,"125,338,000","999,421,509"
7-Nov-18,9.88,9.88,9.57,9.64,"142,023,000","1,020,265,487"
6-Nov-18,9.41,9.88,9.37,9.88,"161,376,000","1,038,827,676"
5-Nov-18,9.33,9.44,9.29,9.4,"135,752,000","994,607,632"
4-Nov-18,9.12,9.48,9.1,9.37,"143,710,000","990,863,747"
3-Nov-18,9.14,9.16,9.07,9.11,"112,902,000","963,480,295"
2-Nov-18,9.06,9.16,9.02,9.14,"113,927,000","966,535,113"
1-Nov-18,9,9.23,8.94,9.05,"115,387,000","956,398,572"
31-Oct-18,9.03,9.03,8.82,8.98,"125,670,000","949,164,323"
30-Oct-18,9.08,9.12,8.93,9.01,"136,682,000","951,730,724"
29-Oct-18,9.59,9.67,9.01,9.08,"157,042,000","958,779,555"
28-Oct-18,9.63,9.64,9.55,9.61,"110,869,000","1,015,391,797"
27-Oct-18,9.63,9.66,9.57,9.61,"103,230,000","1,014,261,570"
26-Oct-18,9.64,9.68,9.54,9.64,"115,908,000","1,017,558,216"
25-Oct-18,9.72,9.74,9.61,9.64,"106,770,000","1,017,881,678"
24-Oct-18,9.79,9.88,9.7,9.72,"128,267,000","1,025,479,259"
23-Oct-18,10.01,10.13,9.71,9.8,"149,643,000","1,033,730,462"
22-Oct-18,9.62,10.17,9.57,10,"177,641,000","1,054,554,351"
21-Oct-18,9.67,9.77,9.6,9.64,"123,219,000","1,016,546,214"
20-Oct-18,9.61,9.69,9.57,9.69,"89,769,700","1,021,386,324"
19-Oct-18,9.59,9.66,9.51,9.6,"131,854,000","1,011,630,844"
18-Oct-18,9.82,9.83,9.55,9.59,"135,906,000","1,010,978,108"
17-Oct-18,9.74,10,9.6,9.81,"156,238,000","1,033,101,132"
16-Oct-18,9.8,9.85,9.69,9.71,"110,875,000","1,023,211,770"
15-Oct-18,9.41,10.23,9.31,9.78,"243,513,000","1,029,604,571"
14-Oct-18,9.47,9.65,9.39,9.41,"113,477,000","990,477,230"
13-Oct-18,9.46,9.58,9.41,9.48,"114,944,000","998,054,944"
12-Oct-18,9.14,9.62,9.14,9.46,"195,087,000","995,850,040"
11-Oct-18,10.82,10.82,9.12,9.17,"255,593,000","964,948,075"
10-Oct-18,10.87,10.91,10.72,10.83,"175,735,000","1,138,847,516"
9-Oct-18,10.98,10.98,10.84,10.89,"157,706,000","1,145,516,316"
8-Oct-18,10.92,11.01,10.82,10.95,"159,584,000","1,151,714,009"
7-Oct-18,10.94,10.95,10.68,10.9,"152,882,000","1,145,477,048"
6-Oct-18,11.05,11.05,10.88,10.92,"146,455,000","1,147,299,655"
5-Oct-18,11.05,11.1,10.97,11.05,"147,212,000","1,161,267,048"
4-Oct-18,11.13,11.19,11.02,11.05,"132,819,000","1,160,306,800"
3-Oct-18,11.15,11.16,10.89,11.12,"160,819,000","1,167,535,018"
2-Oct-18,11.2,11.34,11.15,11.17,"148,728,000","1,172,606,694"
1-Oct-18,11.31,11.36,11.13,11.21,"178,803,000","1,176,729,377"
30-Sep-18,11.38,11.41,11.18,11.33,"197,595,000","1,189,145,755"
29-Sep-18,11.25,11.46,11.07,11.4,"155,294,000","1,196,413,734"
28-Sep-18,11.4,11.57,11.17,11.26,"157,811,000","1,180,990,275"
27-Sep-18,11.01,11.48,10.83,11.42,"175,910,000","1,197,271,025"
26-Sep-18,11.06,11.31,10.88,10.99,"154,050,000","1,152,644,430"
25-Sep-18,11.06,11.27,10.51,11.09,"183,283,000","1,162,154,626"
24-Sep-18,11.59,11.59,11.03,11.05,"145,599,000","1,158,361,306"
23-Sep-18,11.44,11.73,11.36,11.6,"162,975,000","1,215,135,239"
22-Sep-18,11.67,11.81,11.24,11.41,"167,522,000","1,195,432,412"
21-Sep-18,11.18,11.75,11.06,11.67,"247,448,000","1,221,646,386"
20-Sep-18,10.8,11.18,10.67,11.17,"169,241,000","1,169,507,248"
19-Sep-18,10.61,11,10.39,10.79,"177,159,000","1,129,294,906"
18-Sep-18,10.31,10.8,10.29,10.6,"165,477,000","1,108,948,264"
17-Sep-18,11.21,11.34,10.16,10.34,"164,247,000","1,082,130,433"
16-Sep-18,11.3,11.32,11.04,11.22,"153,507,000","1,173,514,724"
15-Sep-18,10.96,11.55,10.94,11.37,"156,127,000","1,189,030,669"
14-Sep-18,11.18,11.34,10.96,11,"193,196,000","1,149,848,213"
13-Sep-18,10.74,11.3,10.74,11.13,"192,363,000","1,163,683,576"
12-Sep-18,11.3,11.38,10.28,10.69,"195,188,000","1,117,489,911"
11-Sep-18,11.38,11.53,11.03,11.32,"182,031,000","1,182,631,090"
10-Sep-18,11.29,11.42,11.06,11.32,"169,260,000","1,181,883,448"
9-Sep-18,11.01,11.64,10.96,11.24,"177,693,000","1,173,628,169"
8-Sep-18,11.7,11.94,10.79,11.02,"168,330,000","1,150,363,624"
7-Sep-18,11.97,12.17,11.59,11.7,"179,172,000","1,220,891,281"
6-Sep-18,11.87,12.02,11.29,11.98,"222,766,000","1,250,415,761"
5-Sep-18,13.99,14.08,11.89,11.89,"237,372,000","1,239,960,876"
4-Sep-18,14.08,14.22,13.81,13.98,"185,368,000","1,457,804,630"
3-Sep-18,13.37,14.52,13.36,14.06,"285,040,000","1,466,432,108"
2-Sep-18,13.25,13.44,13.04,13.33,"153,472,000","1,389,416,181"
1-Sep-18,12.9,13.41,12.82,13.22,"182,146,000","1,378,166,806"
31-Aug-18,12.92,12.98,12.6,12.79,"190,517,000","1,333,227,402"
30-Aug-18,13.05,13.14,12.46,12.92,"168,594,000","1,346,435,285"
29-Aug-18,13.19,13.39,12.9,13.01,"187,637,000","1,355,472,194"
28-Aug-18,12.78,13.36,12.63,13.28,"218,125,000","1,382,704,495"
27-Aug-18,12.59,12.72,12.31,12.65,"191,951,000","1,317,130,960"
26-Aug-18,12.57,12.67,12.17,12.56,"203,880,000","1,307,509,032"
25-Aug-18,12.6,12.75,12.45,12.55,"149,757,000","1,306,355,666"
24-Aug-18,12.52,12.62,12.29,12.59,"173,345,000","1,309,972,377"
23-Aug-18,12.22,12.59,12.13,12.48,"213,442,000","1,298,367,036"
22-Aug-18,12.85,13.52,11.99,12.24,"251,982,000","1,272,638,608"
21-Aug-18,12.4,12.89,12.32,12.7,"200,951,000","1,320,067,487"
20-Aug-18,13.35,13.51,12.35,12.44,"231,594,000","1,292,682,599"
19-Aug-18,13.29,13.75,12.97,13.34,"196,340,000","1,386,073,964"
18-Aug-18,14.42,14.5,12.8,13.27,"281,553,000","1,379,026,774"
17-Aug-18,13.55,14.55,13.23,14.47,"467,499,000","1,502,373,522"
16-Aug-18,13.22,14.91,12.95,13.9,"551,305,000","1,443,249,228"
15-Aug-18,12.03,13.11,11.68,13.03,"303,255,000","1,352,480,218"
14-Aug-18,12.04,12.04,10.33,11.74,"296,484,000","1,218,035,903"
13-Aug-18,13.26,13.57,12.06,12.06,"226,746,000","1,251,639,472"
12-Aug-18,13.25,13.61,12.97,13.2,"197,004,000","1,368,887,724"
11-Aug-18,14.29,14.29,12.64,13.28,"258,674,000","1,377,040,762"
10-Aug-18,15.08,15.34,14.15,14.3,"273,050,000","1,482,370,257"
9-Aug-18,15.19,15.46,14.46,15.11,"281,762,000","1,565,927,035"
8-Aug-18,17.33,17.33,14.67,15.14,"421,786,000","1,569,043,105"
7-Aug-18,18.75,20.58,17.15,17.33,"721,105,000","1,795,324,645"
6-Aug-18,17.58,18.76,17.15,18.66,"347,516,000","1,933,550,690"
5-Aug-18,16.47,17.74,16.29,17.69,"218,174,000","1,832,471,903"
4-Aug-18,16.54,16.91,15.9,16.42,"236,249,000","1,699,613,246"
3-Aug-18,15.02,16.92,14.22,16.6,"266,154,000","1,718,283,514"
2-Aug-18,15.49,15.6,14.7,14.99,"158,264,000","1,551,330,763"
1-Aug-18,16.22,16.28,15.09,15.48,"167,916,000","1,601,203,821"
31-Jul-18,17.11,17.12,15.92,16.24,"184,935,000","1,680,297,040"
30-Jul-18,16.93,17.23,16.67,17.12,"237,202,000","1,770,515,020"
29-Jul-18,16.96,17.03,16.68,16.91,"154,180,000","1,748,907,136"
28-Jul-18,17,17.03,16.68,16.95,"139,036,000","1,752,494,989"
27-Jul-18,16.68,17.13,16.34,16.95,"169,216,992","1,752,256,870"
26-Jul-18,16.49,17.36,16.41,16.72,"198,975,008","1,727,861,320"
25-Jul-18,16.56,16.8,16.13,16.5,"165,899,008","1,704,679,339"
24-Jul-18,16.09,16.88,15.75,16.63,"209,846,000","1,717,110,907"
23-Jul-18,16.13,16.81,15.93,16.16,"170,788,992","1,668,963,769"
22-Jul-18,16.36,16.62,16.08,16.12,"139,591,008","1,664,228,347"
21-Jul-18,16.15,16.57,15.87,16.35,"148,059,008","1,687,708,216"
20-Jul-18,17.41,17.56,15.86,16.21,"233,146,000","1,672,723,478"
19-Jul-18,17.35,17.82,17.13,17.39,"222,698,000","1,794,208,527"
18-Jul-18,17.92,18.28,17.22,17.39,"248,274,000","1,793,660,280"
17-Jul-18,17.42,18.12,16.97,17.95,"266,384,992","1,850,259,320"
16-Jul-18,16.66,17.47,16.55,17.38,"223,788,000","1,791,960,241"
15-Jul-18,16.46,16.88,16.28,16.6,"164,426,000","1,710,806,696"
14-Jul-18,16.33,16.62,16.15,16.43,"156,358,000","1,693,069,872"
13-Jul-18,16.37,16.76,16.12,16.29,"241,580,000","1,677,582,750"
12-Jul-18,16.46,16.46,15.8,16.33,"212,922,000","1,681,540,885"
11-Jul-18,16.15,16.73,15.84,16.46,"249,134,000","1,694,668,377"
10-Jul-18,18.21,18.29,16.08,16.13,"394,620,992","1,660,481,614"
9-Jul-18,18.34,18.7,18.21,18.3,"298,020,000","1,882,680,015"
8-Jul-18,18.96,19.12,18.25,18.29,"249,696,992","1,881,532,787"
7-Jul-18,18.4,19.06,17.6,19.04,"304,575,008","1,958,355,258"
6-Jul-18,17.44,18.47,16.97,18.47,"448,598,016","1,899,357,966"
5-Jul-18,16.83,17.4,16.75,17.34,"270,719,008","1,782,790,903"
4-Jul-18,16.18,17.45,15.8,16.77,"275,641,984","1,723,578,443"
3-Jul-18,16.59,16.99,16.11,16.18,"269,278,016","1,663,118,025"
2-Jul-18,15.99,16.96,15.62,16.64,"290,288,000","1,709,547,690"
1-Jul-18,16.12,16.25,15.54,15.97,"244,395,008","1,640,110,019"
30-Jun-18,15.32,16.55,15.32,16.1,"253,512,000","1,653,112,002"
29-Jun-18,14.59,15.47,14.25,15.27,"226,952,000","1,567,477,586"
28-Jun-18,15.4,15.56,14.44,14.54,"189,564,992","1,492,513,346"
27-Jun-18,14.84,15.51,14.31,15.38,"232,582,000","1,578,622,037"
26-Jun-18,15.8,15.92,14.87,14.88,"211,464,992","1,526,417,528"
25-Jun-18,14.88,15.97,14.69,15.84,"232,960,000","1,624,552,536"
24-Jun-18,14.82,15.11,13.36,14.88,"270,734,016","1,526,188,813"
23-Jun-18,14.66,15.15,14.29,14.81,"214,750,000","1,518,360,827"
22-Jun-18,17.55,17.6,14.41,14.62,"455,676,992","1,498,783,810"
21-Jun-18,17.17,17.82,16.64,17.58,"399,804,000","1,801,503,568"
20-Jun-18,15.59,17.27,14.87,17.27,"356,187,008","1,769,583,451"
19-Jun-18,15.11,15.78,15.05,15.56,"263,659,008","1,594,089,241"
18-Jun-18,14.3,15.43,14.07,15.09,"235,592,992","1,545,154,993"
17-Jun-18,14.47,14.66,14.22,14.33,"164,312,000","1,467,370,061"
16-Jun-18,13.88,14.77,13.86,14.51,"232,232,000","1,485,188,958"
15-Jun-18,14.08,14.08,13.66,13.9,"194,460,992","1,422,410,919"
14-Jun-18,13.92,14.24,13.29,14.06,"280,585,984","1,438,312,758"
13-Jun-18,14.87,14.97,13.2,13.88,"325,870,016","1,419,591,410"
12-Jun-18,12.93,16.22,12.84,14.85,"686,019,008","1,518,396,722"
11-Jun-18,12.63,13.06,12.34,12.92,"128,249,000","1,320,491,903"
10-Jun-18,15.14,15.14,12.26,12.64,"173,647,008","1,291,459,490"
9-Jun-18,15.43,15.63,15.13,15.16,"106,269,000","1,548,691,521"
8-Jun-18,15.25,15.63,15.15,15.41,"131,086,000","1,573,950,619"
7-Jun-18,15.28,15.56,15.13,15.25,"109,763,000","1,557,312,660"
6-Jun-18,15.55,15.65,14.95,15.25,"110,481,000","1,556,819,815"
5-Jun-18,15.23,15.59,14.87,15.53,"124,282,000","1,585,467,084"
4-Jun-18,16.25,16.35,15.14,15.23,"140,176,992","1,554,168,315"
3-Jun-18,15.81,16.4,15.81,16.25,"144,260,992","1,657,893,649"
2-Jun-18,15.5,16.07,15.37,15.82,"143,692,000","1,613,762,675"
1-Jun-18,15.34,15.53,15.14,15.52,"137,170,000","1,582,445,769"
31-May-18,15.23,15.58,15.04,15.31,"122,136,000","1,560,500,252"
30-May-18,15.31,15.5,14.8,15.2,"129,317,000","1,549,516,669"
29-May-18,14.51,15.49,14.33,15.22,"157,135,008","1,551,361,668"
28-May-18,15.2,15.53,14.31,14.4,"147,459,008","1,467,433,570"
27-May-18,15.27,15.35,14.99,15.21,"132,207,000","1,549,279,314"
26-May-18,15.2,15.8,15.03,15.25,"141,440,992","1,553,878,610"
25-May-18,15.73,15.73,14.88,15.19,"141,072,000","1,546,881,772"
24-May-18,14.91,15.73,14.59,15.71,"184,862,000","1,599,671,686"
23-May-18,16.5,16.63,14.65,14.95,"172,594,000","1,522,642,859"
22-May-18,17.68,17.7,16.46,16.47,"133,700,000","1,676,613,932"
21-May-18,18.19,18.23,17.55,17.68,"125,063,000","1,799,578,413"
20-May-18,17.7,18.34,17.52,18.16,"144,931,008","1,847,876,036"
19-May-18,18,18.11,17.57,17.7,"148,970,000","1,801,265,188"
18-May-18,16.93,18.12,16.66,18,"178,787,008","1,831,068,357"
17-May-18,17.76,18.33,16.83,17.04,"166,820,000","1,733,333,916"
16-May-18,18.2,18.28,17.01,17.76,"204,932,000","1,806,661,315"
15-May-18,18.76,19.93,18.21,18.26,"239,530,000","1,857,333,095"
14-May-18,18.8,19.1,17.56,18.79,"221,006,000","1,910,204,187"
13-May-18,18.12,19.1,17.83,18.73,"201,048,000","1,903,940,125"
12-May-18,17.79,18.49,16.53,18.15,"258,036,992","1,844,938,503"
11-May-18,19.78,19.84,17.18,17.73,"354,950,016","1,801,565,622"
10-May-18,21.51,21.76,19.73,19.74,"225,995,008","2,006,424,436"
9-May-18,22.43,22.43,20.47,21.5,"293,584,000","2,184,191,206"
8-May-18,23.65,23.75,22.17,22.47,"257,408,992","2,282,453,221"
7-May-18,25.45,25.45,22.74,23.64,"411,630,016","2,400,993,968"
6-May-18,22.74,25.8,22.72,25.34,"666,931,968","2,574,015,402"
5-May-18,22.37,23.19,22.33,22.76,"263,167,008","2,311,307,417"
4-May-18,22.72,22.72,21.76,22.4,"299,227,008","2,274,105,001"
3-May-18,21.64,23.43,21.48,22.76,"370,436,992","2,310,262,706"
2-May-18,21.56,21.75,21.09,21.67,"193,015,008","2,199,317,381"
1-May-18,21.86,21.86,20.7,21.58,"210,024,992","2,190,162,937"
30-Apr-18,21.84,22.95,21.42,21.68,"351,048,992","2,199,403,283"
29-Apr-18,21.72,22.26,20.48,21.83,"271,380,000","2,214,596,921"
28-Apr-18,20.57,22.28,20.57,21.73,"246,408,992","2,203,911,511"
27-Apr-18,21.01,21.93,20.24,20.56,"273,598,016","2,084,620,973"
26-Apr-18,18.6,21.54,18.21,21.06,"280,513,984","2,135,535,000"
25-Apr-18,22.11,22.13,18.27,18.58,"358,536,000","1,883,211,547"
24-Apr-18,20.48,22.82,20.46,22.25,"320,566,016","2,254,967,708"
23-Apr-18,18.77,20.75,18.74,20.48,"278,155,008","2,075,470,093"
22-Apr-18,18.66,19.4,18.3,18.79,"157,018,000","1,903,688,523"
21-Apr-18,19.7,19.98,17.73,18.69,"216,888,000","1,892,942,103"
20-Apr-18,18.42,19.76,17.96,19.64,"256,292,000","1,988,765,810"
19-Apr-18,17.63,18.38,17.5,18.38,"172,275,008","1,861,604,035"
18-Apr-18,16.08,17.77,16.08,17.62,"200,759,008","1,783,643,678"
17-Apr-18,16.16,16.74,16.07,16.07,"133,100,000","1,626,916,758"
16-Apr-18,16.73,16.85,15.66,16.12,"122,772,000","1,631,393,188"
15-Apr-18,16.08,16.83,16.03,16.75,"121,745,000","1,695,010,294"
14-Apr-18,15.57,16.31,15.5,16.02,"130,820,000","1,621,139,577"
13-Apr-18,16.06,16.61,15.52,15.61,"190,710,000","1,578,753,651"
12-Apr-18,14.56,16.25,13.8,16.17,"211,979,008","1,634,841,227"
11-Apr-18,13.69,14.6,13.61,14.59,"104,725,000","1,475,548,379"
10-Apr-18,13.65,13.78,13.35,13.65,"73,476,000","1,380,096,673"
9-Apr-18,14.14,14.51,13.35,13.63,"94,279,200","1,377,760,900"
8-Apr-18,13.47,14.48,13.45,14.12,"95,690,304","1,426,747,763"
7-Apr-18,13.15,13.8,13.14,13.47,"79,211,104","1,360,822,819"
6-Apr-18,13.69,13.85,13.04,13.15,"84,228,496","1,328,254,703"
5-Apr-18,13.65,13.81,13.24,13.72,"97,405,600","1,385,108,573"
4-Apr-18,15.12,15.12,13.53,13.64,"106,000,000","1,377,470,981"
3-Apr-18,14.16,15.27,14.02,15.16,"140,058,000","1,530,705,773"
2-Apr-18,13.62,14.33,13.52,14.13,"123,715,000","1,425,789,057"
1-Apr-18,14.41,14.52,13.14,13.58,"122,407,000","1,369,826,749"
31-Mar-18,14.4,14.94,14.29,14.37,"123,343,000","1,449,457,637"
30-Mar-18,14.64,15.08,13.89,14.39,"171,606,000","1,451,463,551"
29-Mar-18,16.11,16.17,14.56,14.68,"172,103,008","1,479,868,179"
28-Mar-18,15.87,16.84,15.84,16.1,"144,663,008","1,623,006,298"
27-Mar-18,16.48,17.06,15.36,15.91,"184,083,008","1,603,517,178"
26-Mar-18,18.09,18.13,15.52,16.48,"189,408,000","1,661,117,350"
25-Mar-18,18.37,18.56,18,18.09,"110,957,000","1,822,603,554"
24-Mar-18,19.13,19.39,18.45,18.5,"137,104,992","1,863,485,104"
23-Mar-18,19.69,19.69,18.15,19.04,"196,326,000","1,917,439,470"
22-Mar-18,19.79,20.73,18.55,19.67,"242,384,000","1,980,334,221"
21-Mar-18,20.29,21.52,19.29,19.8,"295,532,000","1,993,083,125"
20-Mar-18,19.61,21.07,18.01,20.21,"432,819,008","2,033,673,618"
19-Mar-18,16.91,19.65,16.33,19.65,"315,268,000","1,977,658,038"
18-Mar-18,16.25,16.91,14.48,16.79,"233,156,992","1,688,737,703"
17-Mar-18,17.76,17.97,16.09,16.32,"154,703,008","1,641,227,372"
16-Mar-18,18.5,18.51,17.33,17.78,"201,540,992","1,787,391,364"
15-Mar-18,17.19,19.31,15.94,18.41,"368,177,984","1,851,067,728"
14-Mar-18,19.95,20.22,16.25,17.15,"201,571,008","1,723,898,774"
13-Mar-18,20.46,20.84,19.74,19.92,"178,296,000","2,002,083,562"
12-Mar-18,21.57,21.79,20.14,20.5,"222,694,000","2,059,415,904"
11-Mar-18,20.88,21.85,19.97,21.58,"278,368,000","2,167,062,130"
10-Mar-18,22.51,22.93,20.78,20.91,"262,771,008","2,099,933,508"
9-Mar-18,22.71,23.26,20.51,22.48,"499,608,992","2,256,466,795"
8-Mar-18,22.19,25.17,21.18,22.67,"619,476,992","2,275,258,401"
7-Mar-18,25.06,25.48,21.05,22.12,"417,288,992","2,219,490,492"
6-Mar-18,26.83,27.29,24.91,25.1,"387,811,008","2,518,143,561"
5-Mar-18,29.65,30.25,26.51,26.84,"637,222,016","2,692,577,613"
4-Mar-18,29.16,31.35,28.78,29.69,"647,561,984","2,976,992,467"
3-Mar-18,30.79,32,28.62,29.19,"699,657,024","2,926,660,621"
2-Mar-18,33.75,34.02,30.43,30.77,"556,803,968","3,083,911,269"
1-Mar-18,33.64,34.8,32.11,33.76,"514,648,000","3,383,346,326"
28-Feb-18,36,36.42,33.41,33.69,"501,651,008","3,375,868,307"
27-Feb-18,36.24,37.47,35.51,36.25,"513,289,984","3,630,890,438"
26-Feb-18,36.85,37.11,34.67,36.08,"622,099,008","3,613,128,862"
25-Feb-18,38.57,38.77,34.88,36.41,"685,424,000","3,645,681,506"
24-Feb-18,37.83,40.71,36.92,38.84,"1,324,419,968","3,888,060,387"
23-Feb-18,32.5,38.11,31.32,38.04,"1,132,690,048","3,806,797,342"
22-Feb-18,36.46,37.63,31.93,32.81,"711,134,016","3,282,308,270"
21-Feb-18,38.07,40.26,34.98,36.63,"904,092,032","3,664,295,247"
20-Feb-18,39.41,43.96,38.23,38.47,"1,175,890,048","3,847,116,029"
19-Feb-18,34.69,40.26,33.93,39.29,"992,256,000","3,928,613,806"
18-Feb-18,35.01,35.08,31.52,34.88,"456,828,992","3,486,470,024"
17-Feb-18,34.97,35.4,34.38,34.99,"418,534,016","3,496,289,426"
16-Feb-18,34.43,35.34,32.9,35.03,"456,753,984","3,500,231,735"
15-Feb-18,34.83,35.65,32.83,34.53,"635,228,032","3,449,230,736"
14-Feb-18,34.32,36.44,33.4,35.04,"1,055,340,032","3,499,351,731"
13-Feb-18,29.88,34.73,28.32,33.96,"1,135,949,952","3,390,646,133"
12-Feb-18,24.31,30.33,24.31,29.88,"541,766,016","2,982,590,517"
11-Feb-18,24.53,26,21.42,24.13,"378,188,992","2,407,815,127"
10-Feb-18,25.95,26.65,23.08,24.52,"256,180,992","2,445,802,366"
9-Feb-18,21.89,26.21,21,26,"393,048,992","2,593,088,434"
8-Feb-18,18.15,21.96,18.15,21.79,"265,155,008","2,173,193,031"
7-Feb-18,19.18,20.45,17.45,18.16,"212,987,008","1,810,195,966"
6-Feb-18,16.75,19.42,14.06,19.39,"318,212,000","1,932,458,057"
5-Feb-18,20.76,21.19,15.9,16.53,"171,500,000","1,646,840,602"
4-Feb-18,24.19,24.73,19.91,21.04,"218,348,000","2,095,804,167"
3-Feb-18,23.15,24.74,20.76,24.2,"179,080,992","2,409,975,713"
2-Feb-18,24.95,24.95,18.37,23.07,"340,095,008","2,297,501,840"
1-Feb-18,28.77,28.88,23.74,24.97,"251,254,000","2,485,813,515"
31-Jan-18,27.21,28.76,25.96,28.76,"271,852,000","2,862,161,900"
30-Jan-18,31.77,31.77,26.98,27.13,"235,160,000","2,699,947,203"
29-Jan-18,33.21,33.66,30.97,31.71,"197,076,000","3,155,039,735"
28-Jan-18,29.62,34.4,29.62,32.9,"350,799,008","3,272,200,633"
27-Jan-18,28.76,30.13,28.15,29.49,"127,839,000","2,932,638,039"
26-Jan-18,29.1,29.69,26.82,28.8,"198,044,992","2,862,489,274"
25-Jan-18,29.89,30.39,28.79,29.19,"162,748,992","2,901,469,362"
24-Jan-18,28.47,30.54,28.08,29.6,"187,788,992","2,941,496,710"
23-Jan-18,29.28,30.17,26.55,28.37,"230,031,008","2,817,842,585"
22-Jan-18,30.59,32.84,26.92,29.26,"321,230,016","2,906,360,166"
21-Jan-18,35.49,36.21,29.28,30.32,"381,507,008","3,010,653,322"
20-Jan-18,32.09,35.56,32.09,35.01,"418,291,008","3,475,179,012"
19-Jan-18,30.03,34.34,29.07,31.7,"394,036,992","3,146,383,176"
18-Jan-18,29.24,32.89,28.02,30.19,"455,046,016","2,994,996,280"
17-Jan-18,28.38,30.36,22.49,29.12,"598,707,008","2,888,868,875"
16-Jan-18,40.49,40.49,23.26,28.46,"699,985,024","2,822,092,314"
15-Jan-18,42.68,43.7,40.43,40.5,"615,006,976","4,014,952,906"
14-Jan-18,42.89,46.5,40.85,42.96,"1,314,400,000","4,257,987,458"
13-Jan-18,36.18,43.16,35.78,42.39,"876,580,992","4,201,116,829"
12-Jan-18,33.06,37.03,31.91,36.4,"536,064,000","3,606,646,679"
11-Jan-18,36.91,37.97,31.43,32.79,"586,657,984","3,248,207,855"
10-Jan-18,38.13,39.27,34.68,36.95,"862,859,008","3,659,195,005"
9-Jan-18,34.09,39.05,31.76,38.32,"808,371,008","3,793,891,131"
8-Jan-18,41.12,44.41,29.53,34.19,"798,928,000","3,383,672,867"
7-Jan-18,38.44,42.44,38.42,40.79,"423,276,000","4,036,610,679"
6-Jan-18,36.31,38.99,35.9,38.42,"362,468,992","3,801,328,653"
5-Jan-18,36.17,38.28,35.9,36.2,"517,583,008","3,580,319,005"
4-Jan-18,34.44,39.35,32.31,36.32,"1,733,939,968","3,591,165,715"
3-Jan-18,34.91,35.51,32.84,34.86,"910,507,008","3,446,496,747"
2-Jan-18,34.46,38.03,34.05,34.92,"615,984,000","3,450,958,113"
1-Jan-18,28.05,37.03,27.32,34.17,"870,412,992","3,376,079,733"
31-Dec-17,26.74,28.43,26.64,28,"169,331,008","2,765,758,520"
30-Dec-17,30.04,30.04,26.25,26.92,"241,644,992","2,658,215,982"
29-Dec-17,29.65,30.67,28.16,30.03,"239,663,008","2,965,508,798"
28-Dec-17,32.16,32.24,28.28,29.53,"307,104,000","2,914,628,519"
27-Dec-17,32.83,33.22,31.26,32.14,"217,743,008","3,171,376,070"
26-Dec-17,32.46,33.99,31.97,32.9,"317,646,016","3,246,226,843"
25-Dec-17,30.91,32.44,30.69,32.35,"258,235,008","3,191,249,302"
24-Dec-17,33,33,28.22,30.78,"316,552,992","3,035,711,937"
23-Dec-17,31.54,35.14,31.13,32.72,"385,223,008","3,226,397,184"
22-Dec-17,42.42,42.68,23.76,30.96,"817,384,000","3,051,526,349"
21-Dec-17,43.86,47.77,39.69,42.1,"825,238,976","4,148,728,438"
20-Dec-17,40.37,44.86,37.32,44.05,"920,793,024","4,339,511,028"
19-Dec-17,39.41,46.24,38.61,40.27,"931,713,024","3,966,380,730"
18-Dec-17,34.85,42.4,32.53,39.4,"1,072,099,968","3,879,505,389"
17-Dec-17,34.78,36.41,34.2,34.79,"428,825,984","3,424,596,336"
16-Dec-17,32.03,39.02,31.3,34.78,"1,104,770,048","3,422,961,215"
15-Dec-17,32.02,32.7,28.47,32.09,"526,729,984","3,157,094,237"
14-Dec-17,29.64,34.07,29.61,31.96,"632,755,008","3,144,202,883"
13-Dec-17,30.29,33.24,27.95,29.72,"688,510,976","2,922,980,922"
12-Dec-17,27.75,33.39,27.42,30.32,"819,044,992","2,981,089,979"
11-Dec-17,26.48,29.43,26.48,27.64,"470,359,008","2,717,272,222"
10-Dec-17,29.22,29.22,24.2,26.51,"463,748,000","2,604,940,401"
9-Dec-17,29.77,33.05,26.72,29.09,"585,616,000","2,858,098,472"
8-Dec-17,26.89,30.05,25.45,30.05,"581,400,000","2,951,454,570"
7-Dec-17,27.9,30.04,26.77,26.82,"449,012,992","2,633,283,186"
6-Dec-17,30.49,30.51,27.31,27.86,"407,100,000","2,734,701,359"
5-Dec-17,30.4,31.23,29.58,30.39,"331,676,992","2,981,320,807"
4-Dec-17,30.44,30.88,29.62,30.4,"274,351,008","2,981,411,645"
3-Dec-17,30.77,31.79,29.87,30.46,"401,675,008","2,986,400,881"
2-Dec-17,31.18,32.66,29.81,30.8,"605,113,024","3,018,997,143"
1-Dec-17,27.95,31.54,25.5,31.2,"853,734,976","3,057,586,190"
30-Nov-17,26.01,29.44,22.59,28.19,"968,075,008","2,761,260,176"
29-Nov-17,33.99,34.25,24.67,25.42,"919,393,024","2,489,444,179"
28-Nov-17,25.74,34.85,25.6,33.98,"1,640,679,936","3,326,669,269"
27-Nov-17,22.16,26.55,21.7,25.75,"718,945,024","2,520,220,899"
26-Nov-17,21.73,22.61,21.35,22.22,"494,332,992","2,173,326,720"
25-Nov-17,21.33,22.75,20.21,21.71,"370,135,008","2,122,704,405"
24-Nov-17,18.26,21.76,18.07,21.45,"373,044,992","2,096,902,102"
23-Nov-17,18.02,18.77,17.77,18.23,"186,523,008","1,781,155,822"
22-Nov-17,17.74,18.15,17.73,17.99,"93,779,000","1,757,824,409"
21-Nov-17,18.4,18.47,17.28,17.8,"186,210,000","1,738,471,067"
20-Nov-17,17.94,18.68,17.84,18.39,"147,752,000","1,796,022,465"
19-Nov-17,17.73,18.07,17.58,17.92,"110,618,000","1,748,754,545"
18-Nov-17,17.21,18.12,17,17.72,"159,452,992","1,728,856,893"
17-Nov-17,16.77,17.58,16.76,17.24,"150,956,992","1,682,062,260"
16-Nov-17,17.5,17.5,16.39,16.88,"182,720,992","1,646,040,298"
15-Nov-17,17.84,17.92,17.21,17.55,"149,567,008","1,710,555,789"
14-Nov-17,16.08,18.74,16.08,17.87,"449,737,984","1,740,993,908"
13-Nov-17,15.31,16.66,14.47,16.11,"350,880,000","1,568,963,094"
12-Nov-17,19.46,21.75,15.04,15.18,"697,452,992","1,478,652,812"
11-Nov-17,14.62,19.81,14.59,19.42,"958,982,016","1,890,696,045"
10-Nov-17,14.19,15.35,13.92,14.6,"299,856,992","1,421,180,862"
9-Nov-17,13.98,14.5,13.9,14.21,"129,201,000","1,382,413,467"
8-Nov-17,14.09,14.43,13.73,14.02,"139,534,000","1,363,672,191"
7-Nov-17,14.14,14.99,13.58,13.92,"173,760,992","1,353,625,760"
6-Nov-17,13.3,15.64,13.13,14.33,"435,668,000","1,393,049,850"
5-Nov-17,11.86,14.23,11.8,13.24,"333,395,008","1,286,744,654"
4-Nov-17,12.63,12.65,11.23,11.89,"149,319,008","1,155,057,878"
3-Nov-17,10.24,12.73,10.2,12.66,"146,543,008","1,229,607,054"
2-Nov-17,10.27,10.38,9.82,10.24,"39,190,200","993,902,494"
1-Nov-17,10.6,10.67,10.25,10.26,"30,011,800","995,949,500"
31-Oct-17,10.87,10.94,10.62,10.62,"27,241,200","1,030,407,282"
30-Oct-17,10.84,10.97,10.8,10.87,"20,081,700","1,054,316,893"
29-Oct-17,10.59,11.2,10.59,10.86,"65,005,200","1,052,343,080"
28-Oct-17,10.4,10.68,10.29,10.55,"24,204,100","1,022,365,574"
27-Oct-17,10.49,10.56,10.32,10.39,"21,540,100","1,006,060,594"
26-Oct-17,10.62,10.72,10.46,10.5,"18,961,900","1,016,861,409"
25-Oct-17,10.58,10.75,10.3,10.63,"25,582,600","1,029,144,029"
24-Oct-17,10.28,10.99,10,10.6,"41,969,800","1,025,442,212"
23-Oct-17,10.82,10.82,9.97,10.28,"39,358,200","994,176,606"
22-Oct-17,10.93,11.25,10.72,10.83,"19,648,600","1,047,198,320"
21-Oct-17,11.21,11.31,10.79,10.92,"20,451,400","1,055,723,650"
20-Oct-17,11.36,11.51,11.22,11.22,"28,250,900","1,084,588,576"
19-Oct-17,11.52,11.61,11.29,11.34,"25,045,400","1,096,081,698"
18-Oct-17,11.92,11.92,10.81,11.53,"55,644,800","1,113,482,918"
17-Oct-17,11.9,12.47,11.74,11.92,"75,268,896","1,150,550,090"
16-Oct-17,11.95,12.1,11.83,11.89,"28,608,500","1,147,468,313"
15-Oct-17,12.24,12.66,11.6,11.95,"52,181,800","1,153,010,248"
14-Oct-17,12.2,12.54,12.06,12.26,"38,425,100","1,182,373,931"
13-Oct-17,12,12.47,11.66,12.18,"79,837,000","1,174,949,127"
12-Oct-17,11.51,12.09,11.41,11.96,"56,959,300","1,153,175,929"
11-Oct-17,11.55,11.59,11.41,11.49,"17,991,900","1,107,771,068"
10-Oct-17,11.49,11.66,11.35,11.54,"27,818,000","1,111,542,053"
9-Oct-17,12.12,12.13,11.24,11.5,"40,264,100","1,107,189,170"
8-Oct-17,12.28,12.45,12.1,12.12,"32,447,800","1,167,277,844"
7-Oct-17,12.32,12.32,12.09,12.28,"18,414,400","1,181,488,790"
6-Oct-17,11.94,12.4,11.94,12.34,"30,320,700","1,187,084,250"
5-Oct-17,11.97,12.05,11.62,11.95,"26,552,900","1,149,201,784"
4-Oct-17,12.38,12.4,11.95,11.97,"23,010,900","1,150,960,517"
3-Oct-17,12.47,12.49,11.77,12.41,"38,300,200","1,192,482,269"
2-Oct-17,12.74,12.87,12.38,12.44,"36,422,500","1,195,046,481"
1-Oct-17,12.98,13.01,12.63,12.74,"44,133,200","1,223,823,593"
30-Sep-17,12.51,13.15,12.51,12.98,"81,530,800","1,246,875,010"
29-Sep-17,12.77,13.25,12.04,12.52,"123,657,000","1,201,644,755"
28-Sep-17,12.63,13.68,12.27,12.73,"175,932,000","1,221,890,686"
27-Sep-17,11.23,12.86,11.2,12.65,"119,565,000","1,213,895,588"
26-Sep-17,10.87,11.96,10.71,11.24,"84,319,600","1,078,084,934"
25-Sep-17,10.41,10.98,10.41,10.86,"34,197,100","1,041,167,240"
24-Sep-17,10.61,10.7,10.35,10.44,"21,480,300","1,000,436,734"
23-Sep-17,10.21,10.77,10.12,10.61,"27,727,300","1,016,621,502"
22-Sep-17,10.1,10.53,9.93,10.26,"31,855,800","982,731,029"
21-Sep-17,11.21,11.24,10.02,10.07,"39,347,200","964,530,094"
20-Sep-17,11.44,11.56,11.18,11.25,"41,369,200","1,076,642,272"
19-Sep-17,11.83,11.93,11.13,11.48,"69,938,096","1,097,999,229"
18-Sep-17,10.01,11.81,10.01,11.79,"117,958,000","1,127,783,996"
17-Sep-17,9.92,10.21,9.46,10.02,"55,522,700","958,400,278"
16-Sep-17,10.24,11.19,9.62,9.93,"146,996,000","948,661,666"
15-Sep-17,9.09,11.2,7.67,10.24,"434,920,992","978,261,689"
14-Sep-17,14.05,14.24,9,9.13,"220,330,000","872,064,707"
13-Sep-17,14.45,14.45,13.67,14.11,"103,257,000","1,347,557,880"
12-Sep-17,14.67,15.65,14.28,14.44,"167,338,000","1,378,678,806"
11-Sep-17,13.62,14.83,13.53,14.61,"142,588,000","1,393,880,199"
10-Sep-17,14.84,14.86,12.43,13.66,"210,528,000","1,303,347,495"
9-Sep-17,15.14,15.68,14.57,14.89,"131,722,000","1,420,086,957"
8-Sep-17,17.86,18.09,14.7,15.2,"269,884,000","1,448,916,566"
7-Sep-17,19.01,19.01,17.64,17.81,"187,200,992","1,697,030,410"
6-Sep-17,16.59,19.02,16.59,19.02,"228,007,008","1,812,163,681"
5-Sep-17,15.82,16.85,14.3,16.58,"218,190,000","1,579,293,407"
4-Sep-17,18.54,18.71,15.37,15.84,"243,535,008","1,507,769,338"
3-Sep-17,20.18,20.47,18.07,18.57,"221,986,000","1,767,284,718"
2-Sep-17,22.04,23.68,18.18,20.08,"648,787,008","1,910,381,453"
1-Sep-17,16.4,22.45,16.32,21.94,"821,440,000","2,086,329,040"
31-Aug-17,15.68,16.47,15.66,16.38,"86,584,896","1,557,357,301"
30-Aug-17,15.8,16.06,15.48,15.66,"66,337,400","1,488,803,529"
29-Aug-17,15.79,15.99,15.72,15.79,"68,677,504","1,500,195,534"
28-Aug-17,16.09,16.46,15.65,15.79,"96,308,800","1,498,586,681"
27-Aug-17,15.27,16.37,15.26,16.02,"150,740,000","1,520,676,352"
26-Aug-17,15.28,15.32,15.11,15.29,"41,284,600","1,450,923,606"
25-Aug-17,15.13,15.42,15.09,15.28,"49,610,500","1,450,007,358"
24-Aug-17,15.36,15.99,15.1,15.14,"105,296,000","1,436,019,000"
23-Aug-17,14.47,17.03,14.33,15.29,"325,316,992","1,449,924,658"
22-Aug-17,14.57,14.97,13.75,14.39,"97,160,200","1,364,170,678"
21-Aug-17,13.89,15.04,13.86,14.56,"114,021,000","1,379,544,994"
20-Aug-17,13.68,14.11,13.6,13.89,"40,155,000","1,315,548,035"
19-Aug-17,13.86,14.07,13.46,13.7,"48,175,900","1,297,064,897"
18-Aug-17,13.89,14.42,13.74,13.81,"70,150,096","1,307,689,222"
17-Aug-17,14.23,14.34,13.85,13.93,"50,306,000","1,318,229,299"
16-Aug-17,13.69,14.66,13.52,14.19,"77,467,600","1,342,062,995"
15-Aug-17,14.07,14.09,13.53,13.69,"49,456,900","1,293,957,454"
14-Aug-17,14.29,14.54,14.05,14.08,"38,585,500","1,331,479,723"
13-Aug-17,14.78,14.8,14.09,14.3,"58,116,600","1,351,013,713"
12-Aug-17,15.18,15.28,14.76,14.81,"50,077,000","1,398,750,000"
11-Aug-17,15.16,15.47,15.04,15.17,"46,330,400","1,432,955,480"
10-Aug-17,15.4,15.58,15.19,15.19,"42,596,500","1,434,120,818"
9-Aug-17,15.87,16.25,15.22,15.38,"95,728,896","1,451,754,445"
8-Aug-17,15.3,15.95,15.23,15.88,"88,294,200","1,497,769,499"
7-Aug-17,15.33,15.48,15.17,15.31,"59,522,900","1,444,399,689"
6-Aug-17,15.96,16.34,15.35,15.35,"81,856,704","1,447,321,985"
5-Aug-17,15.03,15.93,14.98,15.93,"98,290,896","1,501,386,181"
4-Aug-17,15.37,15.45,14.94,15.04,"51,110,000","1,416,794,909"
3-Aug-17,14.76,15.48,14.58,15.37,"74,707,904","1,447,959,736"
2-Aug-17,14.6,15.11,14.41,14.77,"81,127,104","1,390,349,151"
1-Aug-17,14.02,14.69,13.85,14.57,"86,270,496","1,371,556,646"
31-Jul-17,13.78,14.14,13.55,14,"44,660,400","1,317,399,450"
30-Jul-17,14.33,14.41,13.76,13.81,"37,797,400","1,298,616,237"
29-Jul-17,14.16,14.47,13.48,14.4,"65,494,300","1,354,046,026"
28-Jul-17,14.65,14.75,14.04,14.16,"48,972,400","1,331,294,016"
27-Jul-17,14.81,14.83,14.6,14.66,"28,722,600","1,377,170,230"
26-Jul-17,14.86,15.08,14.22,14.77,"46,058,800","1,386,986,848"
25-Jul-17,15.89,15.93,14.49,14.92,"74,645,504","1,401,420,465"
24-Jul-17,15.84,16.02,15.56,15.88,"38,370,000","1,490,479,068"
23-Jul-17,16.52,16.62,15.37,15.78,"76,647,400","1,480,467,102"
22-Jul-17,16.11,16.58,16.06,16.51,"70,103,296","1,549,100,680"
21-Jul-17,16.12,16.86,15.75,16.14,"178,167,008","1,513,870,330"
20-Jul-17,14.95,16.06,14.95,16.06,"179,260,992","1,506,025,511"
19-Jul-17,16.43,16.45,14.57,14.83,"153,459,008","1,389,387,670"
18-Jul-17,15.51,17.06,14.79,16.4,"282,383,008","1,535,701,815"
17-Jul-17,14.4,15.69,13.8,15.5,"300,782,016","1,450,550,460"
16-Jul-17,14.71,15.36,12.25,14.18,"249,231,008","1,327,397,438"
15-Jul-17,17.6,17.6,14.38,14.77,"243,159,008","1,382,172,463"
14-Jul-17,18.41,18.6,16.85,17.55,"215,528,000","1,642,129,418"
13-Jul-17,20.05,20.72,17.36,18.36,"429,172,992","1,716,932,724"
12-Jul-17,14.69,20.42,14.23,19.94,"725,473,024","1,864,693,669"
11-Jul-17,15.22,16.03,13.17,14.72,"194,378,000","1,376,206,596"
10-Jul-17,16.24,17.49,14.43,15.48,"146,147,008","1,445,970,483"
9-Jul-17,16.97,17.45,16.26,16.26,"56,397,400","1,518,485,331"
8-Jul-17,16.74,16.99,15.38,16.99,"113,998,000","1,586,464,334"
7-Jul-17,17.96,18.17,16.67,16.75,"63,005,000","1,563,061,389"
6-Jul-17,17.77,18.18,17.5,17.91,"62,603,300","1,671,397,368"
5-Jul-17,18.05,18.05,17.39,17.77,"57,671,900","1,657,562,241"
4-Jul-17,17.84,18.59,17.84,18.05,"85,616,704","1,683,052,828"
3-Jul-17,17.91,18.32,17.53,17.85,"80,328,000","1,664,137,328"
2-Jul-17,17.74,18.12,16.97,17.91,"88,689,504","1,668,372,644"
1-Jul-17,18.75,18.79,17.51,17.81,"64,563,300","1,658,928,604"
30-Jun-17,18.6,19.81,18.6,18.92,"120,634,000","1,761,453,346"
29-Jun-17,19.62,19.66,18.33,18.66,"102,812,000","1,737,087,961"
28-Jun-17,19.16,19.84,18.07,19.65,"181,039,008","1,828,654,071"
27-Jun-17,19.68,20.24,16.56,19.14,"304,732,992","1,780,820,330"
26-Jun-17,21.53,22.47,17.7,19.58,"269,996,000","1,820,646,827"
25-Jun-17,20.14,23.86,19.45,21.42,"441,712,000","1,990,807,768"
24-Jun-17,21.36,21.38,20.12,20.19,"64,584,600","1,875,988,084"
23-Jun-17,20.8,21.56,20.61,21.34,"77,701,104","1,982,448,658"
22-Jun-17,20.76,21.05,20.28,20.79,"89,949,504","1,930,692,232"
21-Jun-17,21.69,21.91,19.84,20.7,"166,312,992","1,921,643,710"
20-Jun-17,23.02,23.04,21.42,21.68,"161,372,992","2,011,906,412"
19-Jun-17,22.05,23.66,21.97,22.95,"270,192,000","2,128,511,439"
18-Jun-17,23.03,24.62,21.73,22.07,"489,568,992","2,046,190,120"
17-Jun-17,18.38,24,18.33,23.27,"415,396,992","2,157,419,753"
16-Jun-17,18.33,18.56,17.59,18.4,"89,917,104","1,704,920,122"
15-Jun-17,18.86,18.93,16.1,18.36,"178,224,992","1,700,485,204"
14-Jun-17,20.76,21.06,18.12,18.84,"126,599,000","1,744,383,981"
13-Jun-17,20.26,21.02,19.8,20.74,"153,774,000","1,920,151,663"
12-Jun-17,21.57,22.94,18.02,20.33,"315,523,008","1,881,084,828"
11-Jun-17,19.5,22.15,18.16,21.57,"415,108,992","1,995,246,912"
10-Jun-17,17.45,19.66,17.43,19.66,"195,638,000","1,817,872,373"
9-Jun-17,17.54,17.66,17.33,17.45,"57,805,600","1,612,873,976"
8-Jun-17,17.53,17.78,17.17,17.54,"52,434,000","1,620,184,989"
7-Jun-17,17.5,18.38,17.01,17.51,"133,332,000","1,617,735,903"
6-Jun-17,17.35,17.83,16.78,17.49,"94,322,304","1,615,440,321"
5-Jun-17,17.43,17.43,16.9,17.31,"65,380,500","1,597,823,561"
4-Jun-17,16.36,17.55,16.09,17.48,"105,612,000","1,612,320,530"
3-Jun-17,17.39,17.53,16.14,16.26,"94,317,504","1,499,663,193"
2-Jun-17,16.84,17.51,16.84,17.38,"74,579,104","1,603,286,449"
1-Jun-17,17.62,17.94,16.63,16.83,"129,554,000","1,552,074,381"
31-May-17,18.74,18.74,16.68,17.68,"169,218,000","1,629,363,791"
30-May-17,17.13,18.86,16.88,18.54,"151,988,992","1,708,361,418"
29-May-17,16.23,17.42,15.24,17.1,"100,235,000","1,575,088,441"
28-May-17,16.56,17.36,14.1,16.13,"159,008,992","1,485,176,874"
27-May-17,13.96,16.26,10.58,16.26,"220,003,008","1,496,930,753"
26-May-17,16.52,17.99,13.17,14.26,"321,918,016","1,309,727,384"
25-May-17,19.22,22.35,15.76,16.35,"575,964,032","1,504,188,833"
24-May-17,12.02,21.3,11.9,18.87,"319,905,984","1,735,118,022"
23-May-17,9.97,11.94,9.84,11.94,"116,546,000","1,097,462,051"
22-May-17,9,11,8.94,9.9,"169,832,000","909,619,757"
21-May-17,7.39,9.4,7.37,9.4,"64,632,100","863,422,623"
20-May-17,7.99,8.21,7.41,7.41,"38,813,800","680,283,943"
19-May-17,6.72,8.22,6.62,7.99,"90,591,104","733,602,438"
18-May-17,5.92,6.76,5.89,6.73,"41,864,200","617,446,831"
17-May-17,6.24,6.28,5.74,5.93,"29,290,700","543,730,930"
16-May-17,6.39,6.51,6.03,6.26,"22,364,100","573,600,008"
15-May-17,6.83,6.83,6.36,6.41,"19,609,300","587,487,963"
14-May-17,6.17,7.08,6.17,6.83,"29,682,700","625,418,858"
13-May-17,6.33,6.37,6.01,6.14,"12,663,500","562,573,879"
12-May-17,6.48,6.67,6.34,6.34,"18,365,500","580,474,061"
11-May-17,6.62,6.84,6.31,6.48,"21,112,300","593,375,456"
10-May-17,6.43,6.81,6.29,6.6,"34,371,500","603,546,560"
9-May-17,6.66,6.66,5.64,6.44,"58,464,400","589,339,555"
8-May-17,7.11,7.11,6.57,6.66,"38,785,200","609,129,371"
7-May-17,7.29,7.55,6.93,7.12,"36,206,300","651,119,139"
6-May-17,7.55,7.58,6.98,7.27,"31,552,400","664,316,274"
5-May-17,7.68,8.1,7.31,7.53,"60,387,300","687,997,905"
4-May-17,6.67,7.63,6.67,7.63,"61,868,400","696,759,950"
3-May-17,6.54,6.85,6.44,6.67,"35,759,200","608,450,944"
2-May-17,6.94,7.08,6.22,6.58,"56,020,100","600,839,145"
1-May-17,6.49,7.64,6.24,6.89,"118,589,000","628,056,202"
30-Apr-17,5.44,6.61,5.33,6.52,"82,888,200","594,207,939"
29-Apr-17,4.88,5.43,4.83,5.42,"36,329,100","493,788,968"
28-Apr-17,4.95,5.09,4.61,4.84,"29,110,500","441,417,716"
27-Apr-17,4.6,5.11,4.59,4.95,"57,485,800","450,557,797"
26-Apr-17,3.97,4.64,3.92,4.59,"46,981,900","417,716,090"
25-Apr-17,4.05,4.13,3.83,3.96,"25,195,800","360,531,172"
24-Apr-17,3.57,4.11,3.57,4.05,"42,912,000","368,390,930"
23-Apr-17,3.23,3.54,3.19,3.54,"17,227,400","321,811,402"
22-Apr-17,3.18,3.26,3.17,3.23,"5,842,940","293,798,956"
21-Apr-17,3.28,3.36,3.14,3.18,"12,069,800","289,206,118"
20-Apr-17,3.15,3.47,3.1,3.28,"25,077,400","297,888,182"
19-Apr-17,2.89,3.29,2.82,3.14,"18,424,100","285,637,044"
18-Apr-17,2.62,2.96,2.61,2.89,"12,008,300","261,654,086"
17-Apr-17,2.63,2.65,2.59,2.62,"3,539,730","237,362,272"
16-Apr-17,2.68,2.69,2.61,2.63,"3,454,270","238,129,411"
15-Apr-17,2.64,2.68,2.62,2.68,"3,488,550","242,929,014"
14-Apr-17,2.63,2.7,2.55,2.64,"6,137,310","239,739,858"
13-Apr-17,2.62,2.66,2.6,2.62,"5,216,010","237,871,517"
12-Apr-17,2.54,2.66,2.52,2.62,"4,452,230","237,277,124"
11-Apr-17,2.6,2.6,2.54,2.54,"3,092,580","229,669,498"
10-Apr-17,2.64,2.65,2.53,2.6,"5,163,570","235,682,522"
9-Apr-17,2.72,2.72,2.58,2.64,"6,335,860","239,350,923"
8-Apr-17,2.71,2.77,2.63,2.72,"6,855,690","245,745,838"
7-Apr-17,2.67,2.74,2.56,2.73,"5,287,300","247,115,563"
6-Apr-17,2.75,2.81,2.46,2.68,"10,892,200","241,979,886"
5-Apr-17,2.68,2.8,2.65,2.76,"5,603,160","249,262,887"
4-Apr-17,2.6,2.71,2.58,2.67,"6,273,250","241,735,545"
3-Apr-17,2.65,2.77,2.51,2.6,"9,722,960","235,093,365"
2-Apr-17,2.75,2.82,2.52,2.64,"10,883,300","238,854,521"
1-Apr-17,2.82,2.82,2.75,2.76,"6,321,790","248,781,617"
31-Mar-17,2.8,2.99,2.6,2.83,"24,881,200","255,217,346"
30-Mar-17,2.33,2.99,2.28,2.83,"19,426,400","255,347,706"
29-Mar-17,2.27,2.38,2.25,2.33,"5,549,740","209,862,506"
28-Mar-17,2.14,2.35,2.14,2.27,"7,125,770","204,410,376"
27-Mar-17,2.36,2.37,2.12,2.13,"7,221,650","192,362,542"
26-Mar-17,2.28,2.38,2.28,2.31,"4,810,060","208,203,114"
25-Mar-17,2.42,2.43,2.28,2.28,"7,542,960","205,440,770"
24-Mar-17,2.29,2.48,2.27,2.41,"12,123,700","217,241,165"
23-Mar-17,2.39,2.4,2.24,2.29,"7,279,450","206,089,220"
22-Mar-17,2.43,2.51,2.25,2.4,"18,969,200","215,994,734"
21-Mar-17,1.95,2.43,1.91,2.43,"21,455,000","218,137,927"
20-Mar-17,1.93,2.01,1.93,1.95,"6,100,770","175,416,897"
19-Mar-17,1.71,2,1.71,1.92,"6,790,520","172,741,857"
18-Mar-17,1.91,1.91,1.65,1.7,"9,267,590","152,534,342"
17-Mar-17,2.09,2.22,1.81,1.91,"20,132,500","171,120,124"
16-Mar-17,1.81,2.13,1.8,2.13,"19,379,700","191,547,631"
15-Mar-17,1.66,1.8,1.64,1.8,"5,906,800","161,676,131"
14-Mar-17,1.65,1.78,1.63,1.65,"9,565,220","148,495,984"
13-Mar-17,1.42,1.67,1.42,1.65,"9,504,840","147,817,121"
12-Mar-17,1.39,1.43,1.37,1.42,"3,137,590","127,662,841"
11-Mar-17,1.3,1.39,1.3,1.38,"1,985,600","124,068,475"
10-Mar-17,1.33,1.38,1.23,1.3,"4,351,910","116,218,135"
9-Mar-17,1.29,1.33,1.28,1.32,"1,248,670","118,676,985"
8-Mar-17,1.37,1.37,1.29,1.29,"1,960,780","115,180,848"
7-Mar-17,1.43,1.44,1.35,1.37,"2,220,840","122,958,422"
6-Mar-17,1.4,1.44,1.4,1.43,"1,172,880","127,937,771"
5-Mar-17,1.43,1.44,1.39,1.4,"1,580,650","125,058,864"
4-Mar-17,1.44,1.48,1.4,1.43,"2,412,650","128,113,490"
3-Mar-17,1.37,1.44,1.35,1.44,"4,159,960","128,657,235"
2-Mar-17,1.4,1.4,1.34,1.36,"3,776,100","121,828,082"
1-Mar-17,1.24,1.42,1.23,1.4,"4,561,930","125,036,251"
28-Feb-17,1.24,1.26,1.23,1.24,"1,444,190","110,448,160"
27-Feb-17,1.25,1.26,1.23,1.23,"1,284,690","110,128,700"
26-Feb-17,1.21,1.25,1.2,1.25,"1,486,190","111,374,115"
25-Feb-17,1.21,1.22,1.17,1.21,"1,337,270","108,051,168"
24-Feb-17,1.23,1.24,1.2,1.21,"2,141,280","107,756,200"
23-Feb-17,1.21,1.23,1.2,1.22,"1,254,060","108,971,367"
22-Feb-17,1.24,1.25,1.21,1.21,"1,014,370","108,020,007"
21-Feb-17,1.22,1.25,1.21,1.24,"1,034,130","110,717,409"
20-Feb-17,1.22,1.24,1.22,1.22,"609,461","108,963,092"
19-Feb-17,1.22,1.24,1.22,1.22,"642,421","108,831,634"
18-Feb-17,1.23,1.24,1.21,1.22,"1,130,150","108,572,320"
17-Feb-17,1.23,1.25,1.23,1.23,"781,116","109,373,277"
16-Feb-17,1.26,1.27,1.23,1.24,"1,067,180","109,817,453"
15-Feb-17,1.25,1.28,1.24,1.26,"1,164,420","112,136,278"
14-Feb-17,1.2,1.25,1.19,1.25,"1,588,940","110,862,064"
13-Feb-17,1.23,1.23,1.18,1.19,"1,459,080","105,978,687"
12-Feb-17,1.24,1.24,1.21,1.23,"1,574,630","108,822,756"
11-Feb-17,1.26,1.29,1.23,1.24,"1,627,780","109,644,189"
10-Feb-17,1.27,1.28,1.21,1.26,"1,814,640","111,682,127"
9-Feb-17,1.46,1.48,1.2,1.27,"4,496,600","112,845,594"
8-Feb-17,1.48,1.5,1.42,1.45,"1,227,740","128,966,537"
7-Feb-17,1.48,1.53,1.47,1.47,"1,381,580","130,360,820"
6-Feb-17,1.39,1.5,1.39,1.47,"2,217,650","130,524,902"
5-Feb-17,1.39,1.39,1.36,1.39,"734,278","122,956,520"
4-Feb-17,1.36,1.4,1.36,1.39,"888,228","123,389,230"
3-Feb-17,1.36,1.38,1.35,1.36,"985,487","120,714,663"
2-Feb-17,1.35,1.37,1.33,1.36,"486,080","120,164,402"
1-Feb-17,1.36,1.38,1.35,1.36,"738,198","119,939,500"
31-Jan-17,1.35,1.38,1.33,1.36,"1,080,040","120,203,322"
30-Jan-17,1.3,1.35,1.29,1.35,"564,097","119,309,688"
29-Jan-17,1.3,1.31,1.29,1.3,"308,654","114,709,343"
28-Jan-17,1.28,1.31,1.28,1.3,"513,562","115,235,355"
27-Jan-17,1.33,1.35,1.28,1.28,"1,341,760","113,061,184"
26-Jan-17,1.29,1.36,1.29,1.33,"948,543","117,627,850"
25-Jan-17,1.36,1.37,1.29,1.29,"1,373,550","113,771,545"
24-Jan-17,1.39,1.4,1.36,1.36,"921,969","119,966,708"
23-Jan-17,1.39,1.4,1.37,1.4,"797,981","123,851,746"
22-Jan-17,1.41,1.47,1.36,1.38,"1,770,900","121,843,597"
21-Jan-17,1.34,1.44,1.34,1.41,"3,094,200","124,549,494"
20-Jan-17,1.17,1.4,1.16,1.34,"4,968,780","118,186,061"
19-Jan-17,1.2,1.22,1.16,1.17,"686,642","103,032,748"
18-Jan-17,1.21,1.22,1.16,1.2,"984,448","105,904,138"
17-Jan-17,1.18,1.23,1.18,1.21,"1,531,790","106,635,912"
16-Jan-17,1.19,1.2,1.17,1.18,"368,937","103,559,737"
15-Jan-17,1.2,1.21,1.16,1.19,"748,170","104,366,227"
14-Jan-17,1.21,1.23,1.19,1.2,"574,209","105,775,809"
13-Jan-17,1.21,1.25,1.17,1.21,"1,510,150","105,895,536"
12-Jan-17,1.17,1.25,1.12,1.22,"1,906,150","106,729,236"
11-Jan-17,1.43,1.45,1.15,1.18,"3,176,450","103,262,197"
10-Jan-17,1.41,1.45,1.41,1.43,"1,161,360","125,827,106"
9-Jan-17,1.45,1.46,1.39,1.41,"1,833,120","123,642,864"
8-Jan-17,1.44,1.5,1.42,1.45,"1,085,530","126,922,042"
7-Jan-17,1.51,1.51,1.27,1.44,"3,523,930","126,206,438"
6-Jan-17,1.63,1.65,1.42,1.51,"3,402,610","131,907,883"
5-Jan-17,1.77,1.91,1.44,1.61,"7,339,060","140,607,647"
4-Jan-17,1.49,1.79,1.49,1.76,"7,173,020","154,443,734"
3-Jan-17,1.44,1.6,1.41,1.49,"5,508,620","130,608,637"
2-Jan-17,1.4,1.46,1.36,1.44,"3,098,340","125,743,515"
1-Jan-17,1.41,1.5,1.35,1.4,"3,570,370","122,203,155"
31-Dec-16,1.55,1.58,1.33,1.41,"3,908,650","123,523,207"
30-Dec-16,1.43,1.63,1.42,1.55,"9,605,480","135,076,590"
29-Dec-16,1.11,1.46,1.11,1.43,"8,164,640","124,836,347"
28-Dec-16,1.05,1.12,1.04,1.11,"1,532,120","97,205,244"
27-Dec-16,1.04,1.07,1.03,1.05,"838,558","91,960,150"
26-Dec-16,1.07,1.08,1.03,1.04,"706,717","91,023,051"
25-Dec-16,1.12,1.13,1.06,1.07,"1,115,620","93,537,146"
24-Dec-16,1.05,1.13,1.04,1.12,"1,701,720","97,321,805"
23-Dec-16,1.1,1.11,1.02,1.05,"4,006,640","91,310,884"
22-Dec-16,1.14,1.16,1.08,1.1,"2,408,530","95,912,271"
21-Dec-16,1.14,1.17,1.12,1.14,"2,182,690","99,111,375"
20-Dec-16,1.2,1.2,1.13,1.14,"2,311,760","99,099,715"
19-Dec-16,1.06,1.21,1.06,1.2,"3,140,940","104,169,398"
18-Dec-16,1.01,1.06,1.01,1.05,"632,975","91,648,952"
17-Dec-16,1.07,1.07,0.99188,1.01,"1,410,390","87,525,539"
16-Dec-16,1.08,1.09,1.04,1.07,"1,463,920","92,959,971"
15-Dec-16,0.992717,1.11,0.983595,1.08,"3,175,330","94,113,934"
14-Dec-16,0.983412,0.999941,0.960026,0.99484,"1,119,820","86,407,184"
13-Dec-16,0.909894,0.998996,0.909467,0.983316,"1,507,660","85,373,804"
12-Dec-16,0.93027,0.958333,0.899886,0.908797,"1,153,900","78,873,934"
11-Dec-16,0.8584,0.962086,0.857915,0.930446,"1,751,520","80,723,000"
10-Dec-16,0.809507,0.871926,0.802917,0.860004,"547,454","74,582,961"
9-Dec-16,0.817856,0.839118,0.798441,0.809223,"579,338","70,152,057"
8-Dec-16,0.824569,0.830944,0.80618,0.817662,"528,148","70,856,935"
7-Dec-16,0.78219,0.833355,0.773184,0.822794,"582,894","71,274,978"
6-Dec-16,0.839794,0.846754,0.743399,0.782294,"1,518,070","67,741,803"
5-Dec-16,0.768666,0.85635,0.755031,0.837907,"1,459,110","72,530,551"
4-Dec-16,0.772527,0.78778,0.753897,0.768952,"556,114","66,535,433"
3-Dec-16,0.80224,0.807527,0.769488,0.772839,"396,889","66,847,727"
2-Dec-16,0.767199,0.813424,0.736627,0.801643,"1,205,640","69,312,869"
1-Dec-16,0.747475,0.791416,0.746875,0.766635,"413,683","66,261,078"
30-Nov-16,0.748118,0.766068,0.744628,0.748166,"382,146","64,640,020"
29-Nov-16,0.759591,0.782389,0.721561,0.747909,"796,887","64,594,458"
28-Nov-16,0.777354,0.785192,0.75756,0.759313,"267,367","65,554,829"
27-Nov-16,0.781763,0.801659,0.773297,0.778122,"270,799","67,153,606"
26-Nov-16,0.840183,0.842262,0.781507,0.781978,"445,946","67,461,287"
25-Nov-16,0.771917,0.861533,0.763722,0.845464,"1,354,540","72,911,404"
24-Nov-16,0.815735,0.818415,0.736664,0.769668,"1,100,000","66,350,086"
23-Nov-16,0.837902,0.85043,0.808571,0.816454,"742,687","70,355,686"
22-Nov-16,0.850341,0.869077,0.838704,0.840367,"440,341","72,391,307"
21-Nov-16,0.858654,0.862085,0.844641,0.850297,"273,020","73,220,111"
20-Nov-16,0.86104,0.878762,0.854087,0.858533,"383,441","73,901,905"
19-Nov-16,0.869411,0.872324,0.85854,0.860979,"377,116","74,083,755"
18-Nov-16,0.892677,0.899389,0.869739,0.871999,"545,120","75,002,504"
17-Nov-16,0.909435,0.912217,0.891184,0.893229,"479,144","76,798,833"
16-Nov-16,0.925537,0.929437,0.907834,0.909567,"952,217","78,174,127"
15-Nov-16,0.891515,0.930568,0.883773,0.922699,"671,820","79,272,097"
14-Nov-16,0.900257,0.909434,0.886552,0.888597,"272,128","76,310,568"
13-Nov-16,0.910538,0.921815,0.902149,0.902412,"475,268","77,464,317"
12-Nov-16,0.917254,0.942472,0.902713,0.909944,"727,877","78,079,351"
11-Nov-16,0.923158,0.942383,0.897221,0.917606,"487,773","78,705,408"
10-Nov-16,0.913579,0.956011,0.898123,0.921264,"626,060","78,989,473"
9-Nov-16,0.941046,0.941046,0.90849,0.913514,"976,848","78,295,596"
8-Nov-16,0.930693,0.948537,0.923585,0.943784,"573,276","80,860,794"
7-Nov-16,0.986716,1,0.927765,0.927765,"1,030,590","79,458,298"
6-Nov-16,1.04,1.04,0.971174,0.982655,"1,078,790","84,127,046"
5-Nov-16,0.971074,1.06,0.9581,1.04,"1,950,000","89,093,438"
4-Nov-16,0.894031,1,0.891135,0.972006,"2,084,100","83,152,552"
3-Nov-16,0.887828,0.921573,0.882403,0.893556,"1,340,080","76,413,372"
2-Nov-16,0.88515,0.900933,0.876185,0.885256,"677,927","75,676,447"
1-Nov-16,0.901279,0.904825,0.870474,0.884664,"1,320,260","75,598,157"
31-Oct-16,0.93045,0.93045,0.897589,0.903216,"878,220","77,156,510"
30-Oct-16,0.890189,0.954583,0.885454,0.927473,"1,311,260","79,199,175"
29-Oct-16,0.94084,0.972594,0.872589,0.889612,"2,566,530","75,938,099"
28-Oct-16,0.995573,1,0.942647,0.942647,"1,298,910","80,436,754"
27-Oct-16,1.03,1.04,0.98783,0.995753,"2,343,270","84,937,116"
26-Oct-16,1.02,1.04,1.01,1.03,"798,289","88,011,709"
25-Oct-16,1.03,1.04,1.01,1.02,"1,434,440","86,825,146"
24-Oct-16,1.05,1.05,1.03,1.03,"613,841","87,666,053"
23-Oct-16,1.05,1.05,1.03,1.05,"548,805","89,133,789"
22-Oct-16,1.03,1.05,1.03,1.05,"1,046,830","89,047,936"
21-Oct-16,1.04,1.06,1.03,1.03,"787,404","87,820,500"
20-Oct-16,1.05,1.06,1.04,1.04,"715,948","88,725,419"
19-Oct-16,1.06,1.08,1.03,1.05,"1,033,890","89,644,353"
18-Oct-16,1.07,1.08,1.02,1.06,"1,721,510","90,160,446"
17-Oct-16,1.2,1.2,1.07,1.07,"3,167,420","91,291,602"
16-Oct-16,0.992743,1.21,0.990742,1.2,"3,374,640","102,009,229"
15-Oct-16,0.990989,0.998779,0.990081,0.992573,"574,708","84,287,341"
14-Oct-16,1.01,1.01,0.987065,0.991068,"928,586","84,127,550"
13-Oct-16,1.04,1.05,0.985671,1.01,"1,430,120","85,665,592"
12-Oct-16,1.1,1.1,1.01,1.04,"2,752,650","87,816,843"
11-Oct-16,1.15,1.17,1.09,1.1,"2,255,700","92,923,993"
10-Oct-16,1.17,1.17,1.15,1.15,"1,148,440","97,705,111"
9-Oct-16,1.18,1.19,1.17,1.17,"397,777","99,022,339"
8-Oct-16,1.17,1.2,1.16,1.18,"988,691","100,236,472"
7-Oct-16,1.17,1.18,1.15,1.17,"1,012,830","99,059,929"
6-Oct-16,1.19,1.19,1.16,1.17,"1,017,020","99,421,650"
5-Oct-16,1.16,1.23,1.16,1.19,"1,992,410","100,595,459"
4-Oct-16,1.19,1.2,1.16,1.16,"1,142,370","98,177,993"
3-Oct-16,1.19,1.22,1.17,1.19,"1,573,360","100,993,497"
2-Oct-16,1.19,1.22,1.19,1.19,"983,089","100,869,948"
1-Oct-16,1.26,1.26,1.17,1.19,"2,443,730","100,775,929"
30-Sep-16,1.27,1.27,1.24,1.26,"745,522","106,030,739"
29-Sep-16,1.25,1.29,1.22,1.27,"1,282,790","107,023,785"
28-Sep-16,1.2,1.27,1.2,1.25,"2,066,680","105,087,876"
27-Sep-16,1.2,1.21,1.17,1.2,"1,938,500","101,304,447"
26-Sep-16,1.21,1.22,1.2,1.2,"1,228,960","101,105,358"
25-Sep-16,1.25,1.25,1.21,1.21,"972,037","102,040,070"
24-Sep-16,1.24,1.25,1.22,1.25,"876,236","105,324,845"
23-Sep-16,1.25,1.29,1.22,1.24,"1,704,280","104,500,541"
22-Sep-16,1.22,1.33,1.13,1.25,"6,841,360","105,649,693"
21-Sep-16,1.24,1.26,1.22,1.22,"2,655,260","103,070,883"
20-Sep-16,1.27,1.28,1.24,1.25,"2,456,390","105,114,766"
19-Sep-16,1.32,1.33,1.28,1.28,"1,355,970","107,441,742"
18-Sep-16,1.32,1.35,1.32,1.32,"1,962,480","111,328,400"
17-Sep-16,1.32,1.33,1.3,1.32,"1,030,080","111,151,501"
16-Sep-16,1.28,1.34,1.27,1.32,"1,873,990","111,117,234"
15-Sep-16,1.29,1.31,1.27,1.28,"1,366,170","107,384,234"
14-Sep-16,1.29,1.31,1.25,1.29,"1,593,070","108,293,334"
13-Sep-16,1.32,1.33,1.29,1.29,"1,627,740","108,038,585"
12-Sep-16,1.34,1.35,1.31,1.32,"1,735,650","110,708,489"
11-Sep-16,1.42,1.43,1.33,1.34,"4,152,550","112,277,174"
10-Sep-16,1.4,1.45,1.39,1.42,"1,485,050","118,895,328"
9-Sep-16,1.42,1.43,1.37,1.4,"2,336,300","116,929,456"
8-Sep-16,1.48,1.51,1.44,1.44,"2,554,920","120,508,757"
7-Sep-16,1.47,1.48,1.44,1.48,"2,868,960","123,804,490"
6-Sep-16,1.46,1.51,1.44,1.47,"2,566,580","122,698,551"
5-Sep-16,1.46,1.53,1.43,1.45,"4,621,750","121,704,322"
4-Sep-16,1.34,1.46,1.32,1.46,"3,690,740","121,859,012"
3-Sep-16,1.4,1.4,1.32,1.34,"4,659,540","112,168,263"
2-Sep-16,1.46,1.48,1.37,1.39,"6,325,890","116,362,567"
1-Sep-16,1.19,1.49,1.17,1.44,"13,501,800","120,568,064"
31-Aug-16,1.24,1.28,1.17,1.18,"6,098,980","98,891,772"
30-Aug-16,1.26,1.31,1.15,1.24,"6,984,970","103,126,920"
29-Aug-16,1.32,1.34,1.23,1.26,"6,289,800","105,322,578"
28-Aug-16,1.35,1.36,1.29,1.32,"4,837,510","109,972,013"
27-Aug-16,1.44,1.46,1.35,1.35,"3,494,870","112,231,948"
26-Aug-16,1.37,1.47,1.31,1.44,"6,251,250","119,838,383"
25-Aug-16,1.44,1.45,1.26,1.37,"9,500,860","114,301,698"
24-Aug-16,1.61,1.64,1.44,1.44,"6,191,350","120,139,190"
23-Aug-16,1.67,1.68,1.56,1.6,"6,292,880","133,557,451"
22-Aug-16,1.73,1.74,1.62,1.67,"4,757,220","138,836,116"
21-Aug-16,1.75,1.77,1.7,1.72,"1,866,780","143,211,684"
20-Aug-16,1.78,1.78,1.68,1.74,"3,315,060","145,053,898"
19-Aug-16,1.68,1.81,1.61,1.79,"6,186,480","148,591,343"
18-Aug-16,1.74,1.78,1.65,1.69,"4,469,650","140,245,161"
17-Aug-16,1.86,1.87,1.72,1.74,"5,087,980","144,369,254"
16-Aug-16,1.87,1.9,1.8,1.86,"4,062,150","154,159,207"
15-Aug-16,1.93,2,1.83,1.86,"7,282,060","154,389,754"
14-Aug-16,1.87,1.98,1.87,1.93,"6,985,300","159,903,688"
13-Aug-16,1.86,1.93,1.82,1.87,"3,822,490","155,312,878"
12-Aug-16,1.84,2.09,1.8,1.85,"15,418,800","153,301,252"
11-Aug-16,1.72,1.96,1.59,1.85,"17,263,000","153,354,618"
10-Aug-16,1.94,2.04,1.64,1.71,"20,082,200","141,789,917"
9-Aug-16,2.17,2.22,1.79,1.95,"23,612,300","161,349,946"
8-Aug-16,2.16,2.38,2.05,2.19,"15,781,200","180,876,018"
7-Aug-16,2.7,2.74,2.06,2.15,"31,153,900","177,588,505"
6-Aug-16,2.59,2.86,2.57,2.7,"22,874,700","222,272,437"
5-Aug-16,2.35,2.6,2.28,2.59,"20,254,400","213,166,457"
4-Aug-16,2.59,2.76,2.1,2.34,"43,516,500","193,153,903"
3-Aug-16,2.78,3.2,2.36,2.6,"74,184,496","214,270,712"
2-Aug-16,2.36,3.53,2.31,2.76,"147,855,008","227,567,915"
1-Aug-16,1.79,2.34,1.78,2.34,"45,924,200","192,669,859"
31-Jul-16,1.57,1.91,1.56,1.8,"29,167,500","148,016,084"
30-Jul-16,1.66,1.71,1.55,1.57,"10,061,600","129,128,819"
29-Jul-16,1.71,1.8,1.55,1.64,"20,745,500","134,614,767"
28-Jul-16,1.56,1.92,1.37,1.73,"40,291,300","142,411,628"
27-Jul-16,2.46,2.46,1.26,1.6,"62,645,700","131,842,989"
26-Jul-16,0.604737,2.85,0.600358,2.55,"103,066,000","210,144,900"
25-Jul-16,0.931993,0.932862,0.452446,0.602402,"9,308,400","49,576,150"
24-Jul-16,0.752345,0.959354,0.737342,0.928814,"17,769,300","76,439,027"
